,protein,X60,X100,X200,X300,X1000,Localization
1,slr1721,4735118,4208253,377851.,887694.,644247.,CytoplasmicMembrane
2,sll0934,5927401,5769535,1353058,1594978,1796187,Cytoplasmic
3,slr6042,145045.,135701.,268875.,680321.,633007.,Unknown
4,sll1825,1216458,829674.,523005.,463640.,467090.,Cytoplasmic
5,sll1663,9315460,7760526,1351813,1638084,2324976,Unknown
6,slr1975,577298.,572469.,2899182,3702443,4689300,Cytoplasmic
7,sll2011,143410.,113000.,201569.,234391.,508909.,Cytoplasmic
8,sll1808,1806226,1710976,3866160,4287409,6203461,Cytoplasmic
9,slr0077,567490.,523529.,1587766,2121252,2288817,Cytoplasmic
10,sll1688,9131537,8631375,1700208,1764119,3045263,Cytoplasmic
11,slr0652,4430130,3536828,4280827,4390464,6591200,Cytoplasmic
12,slr0633,723266.,802729.,2017556,1947567,2927783,Cytoplasmic
13,slr2004,4286445,3449846,1480187,1119884,714710.,Unknown
14,sll8007,134714.,130513.,973247.,806460.,1174249,Cytoplasmic
15,sll0427,4819058,4617757,4144741,1079281,3312283,Unknown
16,ssl2781,1541150,1995796,6072268,7056605,6824613,Unknown
17,sll0272,1378940,1134342,1560832,1675616,3062956,Unknown
18,sll0764,5278724,4336159,2664596,1970972,811873.,Cytoplasmic
19,ssl1300,100131.,95243.2,349866.,663985.,1189915,Unknown
20,slr0841,1177783,1086867,3311305,2936767,4034603,Extracellular
21,sll7090,460792.,171945.,195730.,154024.,112481.,Unknown
22,sll1583,8515428,5490942,4484086,4386237,2398834,Cytoplasmic
23,slr0006,3188389,2434090,7011657,8396937,1983459,Unknown
24,sll1721,8999234,7970577,3399812,2280520,1212820,Cytoplasmic
25,slr0552,9412190,8611111,1523561,1588833,2707427,Unknown
26,slr2089,1969059,1231300,2963114,2749013,4766922,CytoplasmicMembrane
27,sll1452,3671212,4133893,1122544,1200187,2030659,CytoplasmicMembrane
28,slr0212,1971271,1581271,1027751,672470.,421527.,Cytoplasmic
29,slr1542,1651723,1514885,2234452,2527127,3673684,Cytoplasmic
30,ssl1426,5008303,5368275,7215896,7506484,1467450,Cytoplasmic
31,slr1367,2416747,1890941,4508911,4060465,9223221,Cytoplasmic
32,slr1164,685401.,641802.,2443898,2297590,2822586,Cytoplasmic
33,slr0551,3485958,3670852,8006163,9632723,1228350,Cytoplasmic
34,sll0851,5077994,3926102,3091833,2041233,6410152,CytoplasmicMembrane
35,sll1069,1063095,9720868,4399817,3797284,3575659,CytoplasmicMembrane
36,slr1755,833412.,642277.,1746341,1766847,2884902,Cytoplasmic
37,sll0897,3967876,3212220,7587272,7206839,1035484,Cytoplasmic
38,sml0008,1141524,1429288,5100171,4932030,5669188,Unknown
39,sll1188,1386057,1369754,137459.,150715.,129204.,Cytoplasmic
40,sll0170,3730287,3670208,7268649,9270753,1116615,Cytoplasmic
41,sll1579,1244590,1341258,4951852,4298109,6708463,CytoplasmicMembrane
42,sll1184,3292637,4011273,5907669,6464926,8305055,Unknown
43,slr1282,2917964,2944189,4951336,7248687,1214335,Cytoplasmic
44,slr0083,1854447,1111707,3405961,4051570,5069122,Cytoplasmic
45,slr0542,4648453,4719228,901996.,709018.,623577.,Cytoplasmic
46,sll1043,1550165,1359527,4198472,3941390,5817508,Cytoplasmic
47,slr0963,5265503,4961878,9998681,9859901,1711565,Cytoplasmic
48,sll7086,880053.,292737.,330133.,286394.,242949.,Unknown
49,slr1854,1582396,1056911,3903316,3811589,5049805,Cytoplasmic
50,slr1265,1128841,1055873,2743531,2997794,4022445,Cytoplasmic
51,sll1196,661026.,407717.,536424.,371955.,121790.,Cytoplasmic
52,slr1658,7895225,6773061,5647488,3910271,1407072,Unknown
53,sll1252,765480.,552713.,1165848,1153263,1154985,Cytoplasmic
54,slr1362,227534.,228162.,705130.,901747.,1223532,Unknown
55,sll1740,1723313,1727080,1632708,1204208,618531.,Cytoplasmic
56,slr2001,1471244,1759438,3625379,3125359,3917709,Unknown
57,slr1744,5931746,7425502,1622496,2152581,2733487,Unknown
58,slr0649,2146010,1774605,3571502,4754388,7391532,Cytoplasmic
59,sll0634,438210.,409238.,2090442,1826256,2050165,Unknown
60,sll0639,341581.,303655.,616507.,609563.,1271338,Unknown
61,slr1666,1936209,1334228,5691110,4367512,3102492,Cytoplasmic
62,ssl2874,7121513,6029217,1403021,1746360,2066480,Unknown
63,sll0861,1037938,809641.,1447695,1513791,3003447,Cytoplasmic
64,slr1022,1794526,1817433,4494870,4289436,4141269,Cytoplasmic
65,slr0443,731309.,1075998,3860112,3339968,5910919,Cytoplasmic
66,sll1789,1243128,1025164,2530103,2441663,3666544,Cytoplasmic
67,ssl3441,3198012,3354266,4486042,5803657,1019988,Cytoplasmic
68,sll1258,1044854,587121.,2546084,2523606,1352177,Cytoplasmic
69,slr2136,2777881,2673415,543996.,376766.,459595.,Cytoplasmic
70,sll0486,584639.,273093.,359461.,405631.,696019.,Cytoplasmic
71,ssr1600,1025106,1023214,1016220,5074662,6695261,Unknown
72,slr1055,1107971,1316382,3047224,3342319,6569102,Cytoplasmic
73,sll1101,9923047,9852489,2546560,2679093,1237938,Cytoplasmic
74,slr1176,4212514,4022459,6130271,4627751,2184216,Cytoplasmic
75,slr0670,2931338,3329053,3756311,2619375,1407796,Cytoplasmic
76,sll0622,224925.,255131.,564062.,562512.,1014149,Cytoplasmic
77,sll1097,2017351,2208824,3958183,4630699,5595341,Cytoplasmic
78,slr1196,1595328,3594028,4539978,5564864,7701063,Unknown
79,slr1559,1534632,1855092,469409.,443369.,474776.,Cytoplasmic
80,slr0925,7094116,5877504,1705589,1226828,1241652,Cytoplasmic
81,sll1526,1079279,9523966,8017360,6952266,3574520,Cytoplasmic
82,sll1987,3471565,2822557,3932027,2588403,1385962,Cytoplasmic
83,slr1226,4198285,3557453,5965944,6043610,8959480,Cytoplasmic
84,sll0336,746761.,617622.,2655444,2383603,2444807,Cytoplasmic
85,slr0361,1115984,917195.,1609272,1868404,2910178,Cytoplasmic
86,slr1150,430187.,270649.,2711670,2019431,2863447,Unknown
87,slr0355,1996555,1680700,3411977,4261556,5328192,Unknown
88,slr0752,1715562,1411998,6960889,3756117,1628242,Cytoplasmic
89,sll1525,4304084,3687771,1819779,1352487,7951215,Cytoplasmic
90,sll1872,421815.,506540.,748875.,706217.,709253.,CytoplasmicMembrane
91,slr0783,8339971,7005571,1330283,1308765,1113850,Cytoplasmic
92,sll0188,645906.,590009.,2066454,2025047,2877178,Unknown
93,slr1624,1023251,921115.,967139.,1095725,1667698,Cytoplasmic
94,sll0430,7193090,7246994,2120376,1977455,3488684,Cytoplasmic
95,sll2002,1304372,1341637,2305380,2099925,3229630,Unknown
96,ssr3451,5690106,2975367,2307930,1539273,1579691,Unknown
97,slr0848,824689.,529150.,1994864,1857451,1768812,Cytoplasmic
98,slr1351,1277351,1418699,2808248,3272576,3194701,Cytoplasmic
99,ssl2598,7457137,5806677,316835.,128042.,244673.,CytoplasmicMembrane
100,sll0179,1911165,2319425,4297022,3941066,4678251,Cytoplasmic
101,ssl0242,6600899,7999939,1984054,2589602,3087826,Unknown
102,slr1342,2254630,1963985,1458605,1091181,583426.,Cytoplasmic
103,ssr2554,2080710,2466849,3079596,3146727,4195367,Unknown
104,sll2005,606338.,639206.,2678935,2146698,2608815,Cytoplasmic
105,slr0876,2074309,1572897,1869023,1635731,576179.,Unknown
106,slr1818,225561.,168215.,623551.,440273.,757681.,Cytoplasmic
107,slr0546,1466525,1522985,2342430,2468083,3634608,Cytoplasmic
108,sll0020,1906324,1442548,3166493,3161992,4668283,Cytoplasmic
109,slr1468,135004.,95690.3,268532.,242949.,324358.,Unknown
110,slr0909,2020462,1788339,465259.,516541.,856413.,Cytoplasmic
111,sll0039,5612221,5007956,3377817,3397482,1398417,Cytoplasmic
112,sll0489,359207.,138924.,110533.,83837.8,148879.,Cytoplasmic
113,ssl1707,1035516,968265.,2024480,1851605,1259517,Unknown
114,slr2058,4975213,4159511,6203238,6905338,8466825,Cytoplasmic
115,sll1734,1043878,813163.,1306231,2335649,2502427,Cytoplasmic
116,slr0237,715282.,559466.,1881479,1351199,1434914,Cytoplasmic
117,slr1506,1093231,1027622,2730051,4142041,2588801,Unknown
118,sll1341,3692314,1337476,815695.,874024.,347173.,Cytoplasmic
119,slr0886,1937507,1696659,979180.,749842.,359249.,Cytoplasmic
120,slr0384,712131.,928524.,1553401,1564145,1590477,Cytoplasmic
121,slr0613,633800.,727249.,1118787,945961.,486305.,CytoplasmicMembrane
122,slr1171,4186098,4015750,4687688,5029074,7653104,Cytoplasmic
123,sll6055,91477.7,171784.,239366.,276158.,629833.,Cytoplasmic
124,sll1742,5617259,6596618,7517928,8873363,1291096,Cytoplasmic
125,sll0207,389125.,365284.,730850.,636178.,525755.,Cytoplasmic
126,sll0469,2448982,2399099,5069458,4545609,6349225,Cytoplasmic
127,sll1626,6773386,6212464,1726967,2144614,9400091,Cytoplasmic
128,sll1099,1319892,1160210,1874459,1915302,2249655,Cytoplasmic
129,sll0362,1731883,1774219,3775630,3353864,4739670,Cytoplasmic
130,slr0469,1236085,1192089,1051538,7740802,1586951,Cytoplasmic
131,sll0420,130171.,194389.,1321492,1262007,1268401,Cytoplasmic
132,slr1233,4928770,3378705,2420779,1855359,1396496,CytoplasmicMembrane
133,slr1622,1208274,1356026,3105037,2607354,3102423,Cytoplasmic
134,sll1813,8935126,8636961,1373944,1531256,1578740,Cytoplasmic
135,slr2052,302118.,207795.,610974.,648475.,632471.,CytoplasmicMembrane
136,slr1511,1115674,794097.,1663671,1636645,2492745,Cytoplasmic
137,slr1878,376497.,422668.,654758.,667587.,1006126,Unknown
138,slr0233,3155220,2366358,931079.,1079332,1103301,Cytoplasmic
139,sll1181,314991.,334150.,509572.,616150.,1092238,CytoplasmicMembrane
140,slr0161,4163741,2160434,1082380,684188.,440309.,Cytoplasmic
141,slr1768,1363424,915901.,804644.,665477.,677667.,CytoplasmicMembrane
142,sll1536,6728921,4431818,2593697,1210496,915399.,Cytoplasmic
143,sll1453,2894410,2834061,1935918,8030069,1110725,CytoplasmicMembrane
144,slr0208,2244571,2430904,5255151,5504980,5496682,Unknown
145,slr0744,1000281,8902994,7028394,6002817,2990078,Cytoplasmic
146,sll1555,1520658,1226587,1263460,282438.,3210762,Cytoplasmic
147,slr1908,1079661,1394168,2284030,2720006,3108690,OuterMembrane
148,slr0452,9560685,7440045,1791264,1396348,1954393,Cytoplasmic
149,sll1932,1466197,1638275,3117047,3552886,2751179,Cytoplasmic
150,ssr0102,309554.,283713.,1113033,838400.,1438061,Unknown
151,sll1787,8766027,8611761,1878701,1872392,1431014,Cytoplasmic
152,slr0556,103560.,91043.2,185585.,176854.,302776.,Cytoplasmic
153,sll0329,3569149,3003491,917557.,530543.,480814.,Cytoplasmic
154,slr1673,376268.,450253.,693970.,791765.,1653784,CytoplasmicMembrane
155,slr0821,4644753,3270277,1040481,1154902,6068538,Unknown
156,slr1796,210599.,208943.,3777473,1822426,3249089,Unknown
157,sll1289,2165791,2190870,1369911,3290833,5488250,Unknown
158,sll1305,890404.,962285.,3227209,2329782,1467091,Extracellular
159,slr1423,1978417,1862575,884227.,469465.,196778.,Cytoplasmic
160,sll1746,1186284,1233599,1193735,9758000,2858517,Unknown
161,sll1581,523977.,488299.,1846002,1743362,1841201,Periplasmic
162,slr0598,454138.,522358.,839448.,996343.,1173499,Unknown
163,sll0370,5829974,3996834,2886143,2071777,787372.,Cytoplasmic
164,slr1533,2762224,1968493,3601164,3888562,4819802,Cytoplasmic
165,sll1221,1050809,600340.,544785.,416722.,384413.,Cytoplasmic
166,slr1299,4478931,3708442,8633114,8260279,1264042,Cytoplasmic
167,slr1097,1778036,1464225,3401458,3946673,3569781,Cytoplasmic
168,sll0698,4614044,5365254,8502373,9061924,1336255,CytoplasmicMembrane
169,sll0661,1418482,1950895,1358423,1307713,648178.,Unknown
170,sll1910,543090.,683668.,2434620,1955224,2481833,Cytoplasmic
171,slr0985,956207.,983193.,1477519,1218218,1599998,Unknown
172,slr1165,754990.,768228.,4617911,3227150,6153456,Cytoplasmic
173,slr1220,2850220,1772913,5048161,4916747,4487815,Cytoplasmic
174,sll1180,2705984,4422809,9079398,1012462,1531879,CytoplasmicMembrane
175,sll1800,4836324,5162363,2398123,1689101,1014645,Cytoplasmic
176,slr0193,5878782,5208039,6956651,8742655,1170183,Unknown
177,sll1275,6701203,7015674,2871743,2077008,1608074,Cytoplasmic
178,slr0435,1086516,679979.,2083510,2158819,1562742,Unknown
179,sll1127,209690.,555441.,506466.,470880.,731720.,Cytoplasmic
180,slr1531,1684576,1494984,1068094,1023759,625820.,CytoplasmicMembrane
181,slr1994,8025537,5452798,2495929,3515569,2121504,Cytoplasmic
182,slr0606,6424605,5428520,5413523,5224421,2356763,CytoplasmicMembrane
183,slr2075,7592999,1090615,1438242,1631105,1849545,Cytoplasmic
184,slr0398,3002428,2628253,3689800,4216547,6460662,Unknown
185,slr8030,1238524,2050454,2229518,3127488,5121074,CytoplasmicMembrane
186,sll1244,3608463,5274948,6345678,7870668,1088704,Cytoplasmic
187,slr1970,1011718,912022.,2265029,1601703,1811213,Cytoplasmic
188,sll0421,5586553,4879128,3891855,2552092,1294195,Cytoplasmic
189,sll0017,1328732,1377381,2539716,2286553,2929142,Cytoplasmic
190,sll1106,2774122,1832102,1725156,1416642,1435048,Unknown
191,sll1553,6566859,5056693,1094535,9854236,1247700,Cytoplasmic
192,ssl3364,1419349,1661220,970803.,960913.,957864.,Unknown
193,slr1227,1412078,1009152,4385668,2749991,2833053,OuterMembrane
194,slr1763,4443837,2522575,2103645,1711613,1224889,Cytoplasmic
195,sll1804,7715042,6643308,1301797,1268947,2347422,Cytoplasmic
196,sll1326,7718642,7358840,1971196,9492945,4098078,Cytoplasmic
197,sll0018,4948748,5573976,2262097,1165735,4084876,Cytoplasmic
198,sll0617,1652797,1802091,1102389,1151572,9013659,CytoplasmicMembrane
199,slr0528,5581690,4871773,7699109,6892775,8136648,Cytoplasmic
200,sll1802,1915408,2045982,1376618,1284233,6139110,Cytoplasmic
201,sll0513,2176733,2824638,2824207,3729600,1755014,Unknown
202,slr0348,1530223,1457221,2210305,2526507,4022539,Cytoplasmic
203,slr0653,3028896,2100032,5702449,6232568,5921849,Cytoplasmic
204,slr1406,365108.,581981.,3606374,3720125,2876492,Unknown
205,sll1444,2174097,1887687,749676.,698342.,334067.,Cytoplasmic
206,slr0947,4872695,4567295,9347004,7121515,9312468,Cytoplasmic
207,slr0012,1087046,1008538,2733216,2531432,3901876,Unknown
208,slr0321,669911.,331074.,1731096,1410178,1850582,CytoplasmicMembrane
209,slr1816,982354.,1580442,2521978,2883822,4044861,CytoplasmicMembrane
210,slr1992,3117660,2791192,1015912,780477.,1078930,Periplasmic
211,slr0112,152989.,297137.,313142.,445907.,762900.,Unknown
212,slr1505,654257.,932853.,971102.,1521039,2258847,Unknown
213,sll0927,1524971,1522285,1647369,1122690,1660371,Cytoplasmic
214,sll1260,1178397,1463570,4894819,3636464,4993292,Cytoplasmic
215,slr1198,1916588,1382073,3999754,3650115,2865080,Cytoplasmic
216,sll1363,2671096,3454664,6821125,2857724,1629113,Cytoplasmic
217,ssr2049,322850.,268012.,1132865,803467.,1057152,Unknown
218,slr1963,3524424,3119846,1346264,1354796,2486801,CytoplasmicMembrane
219,slr0808,870217.,814222.,2291475,4907744,5566924,Cytoplasmic
220,sll0542,3367616,2986737,2598138,2060772,1243413,Cytoplasmic
221,sll1031,1495048,2150756,3393363,1647292,1573805,Unknown
222,slr1617,1005714,433005.,427268.,352113.,570886.,Cytoplasmic
223,slr0742,552497.,546127.,1492172,1396278,987650.,Cytoplasmic
224,sll1806,9337254,9894101,1872251,2140190,2357703,Cytoplasmic
225,ssr2831,1996133,2186449,2151162,2139228,9222804,CytoplasmicMembrane
226,sll1994,7835507,7095195,3524348,2071639,1072680,Cytoplasmic
227,slr0394,5199188,7063883,1334993,1101503,1247522,Cytoplasmic
228,sll1528,7153618,6990908,1061463,1096718,1276875,Cytoplasmic
229,sll0577,2907323,2902288,5060258,5366363,5779770,Unknown
230,slr1329,8852219,7554420,1313289,1363410,1759019,Cytoplasmic
231,sll1074,2667727,1800960,1427605,1293970,788068.,Cytoplasmic
232,slr2076,7715912,1133054,1659980,1110037,8029128,Cytoplasmic
233,slr0527,997545.,561246.,375628.,239841.,257449.,Unknown
234,slr1794,1926187,1144198,3484873,2914911,2436260,Unknown
235,slr0918,846217.,815576.,992307.,1181530,1364594,Cytoplasmic
236,ssl3432,2062073,1828314,6123466,8533720,2975219,Cytoplasmic
237,slr0729,1715744,1392325,1403691,3176602,1004064,Unknown
238,slr0776,2001128,1810756,1958338,1662120,970187.,Cytoplasmic
239,slr1363,8727262,6967275,4911055,4045979,1963595,Cytoplasmic
240,slr6101,316045.,502101.,300645.,292716.,523483.,Cytoplasmic
241,sll1479,3935862,3353260,2902993,2194111,1994582,Unknown
242,sll1941,597987.,576948.,926384.,976289.,1435447,Cytoplasmic
243,slr1855,2052568,1471298,6374785,6380052,2434209,Cytoplasmic
244,sll1306,1835808,1750794,7060513,5803749,2789659,Cytoplasmic
245,slr1167,130766.,132082.,276521.,159121.,438770.,Cytoplasmic
246,sll0288,215501.,188194.,313149.,275287.,449042.,Unknown
247,sll1696,221433.,172433.,256969.,202740.,292848.,Unknown
248,slr1834,4322004,3028557,3478948,3073097,2022009,CytoplasmicMembrane
249,sll1835,6898120,6823205,2852509,1679957,1122578,Unknown
250,sll0245,5939866,5301752,6954812,6081975,4386215,Cytoplasmic
251,slr0758,1297255,1085955,424464.,498514.,888801.,Cytoplasmic
252,sll1578,2637236,2713480,3307836,3150283,1260303,Unknown
253,slr0575,1456317,982136.,515435.,538398.,667343.,Unknown
254,slr0875,439361.,277941.,1018483,749359.,746554.,CytoplasmicMembrane
255,sll0136,735377.,861095.,1183378,1109807,979846.,Cytoplasmic
256,sll0395,3613849,3076983,2325383,2289659,1596695,Cytoplasmic
257,slr0106,1492055,1118938,833781.,499303.,477070.,Unknown
258,slr0298,1823577,1788055,147777.,355281.,91856.2,Extracellular
259,sll1185,1211803,1280485,2417354,1820162,1746385,Cytoplasmic
260,slr2072,1141644,956201.,2019768,1804068,2243705,Cytoplasmic
261,slr0476,676819.,813614.,1927586,2106278,4853979,Unknown
262,sll1194,1276434,1907892,3016786,4608882,6469405,CytoplasmicMembrane
263,sll1463,8888714,6956716,4840200,4426544,3286835,CytoplasmicMembrane
264,slr1897,535738.,447293.,756390.,707561.,914712.,CytoplasmicMembrane
265,sll1045,202770.,167579.,590525.,416073.,535963.,Unknown
266,slr1915,2104804,2200653,3614832,4582790,4620799,Unknown
267,slr1259,710146.,652915.,1680318,585519.,1194318,Cytoplasmic
268,sll0289,3552306,3310600,1094721,1141836,1263740,CytoplasmicMembrane
269,slr1159,1385199,966438.,2165630,2244538,3038328,Cytoplasmic
270,slr1894,1208941,5068957,1711291,1371634,1088031,Cytoplasmic
271,ssr0482,1010928,1142880,1639907,1261261,785015.,Cytoplasmic
272,sll1533,1024649,443358.,1495647,1206716,866879.,Cytoplasmic
273,slr1751,1505125,1448091,6840857,5636209,4299199,CytoplasmicMembrane
274,sll1089,1197603,1769037,4593581,7331246,9613963,CytoplasmicMembrane
275,slr0731,1278959,730775.,3222046,2759836,2452246,CytoplasmicMembrane
276,sll0319,5713349,9266028,1866910,1155121,933486.,Unknown
277,sll1342,4826021,4485641,3115115,2800178,1711206,Cytoplasmic
278,sll1967,459981.,437959.,544710.,416799.,1061595,Cytoplasmic
279,sll1833,1788225,1435920,2879877,2408732,4352403,CytoplasmicMembrane
280,ssr1765,581179.,924005.,2008440,2131613,2445031,Unknown
281,slr1962,198770.,219494.,447834.,357766.,1034130,Unknown
282,slr0737,6653858,3703507,7470026,7270604,1047380,CytoplasmicMembrane
283,slr1034,4376818,4088383,277913.,313355.,279155.,Cytoplasmic
284,sll1027,4116012,2918161,2784676,2624031,1618716,Cytoplasmic
285,sll0416,5610936,5889082,1335196,1476519,1362096,Cytoplasmic
286,sll1823,5357288,4329453,1024513,8306641,1260045,Cytoplasmic
287,sll0454,589813.,535649.,1168494,1213709,2092860,Cytoplasmic
288,slr2099,116522.,155784.,228192.,166096.,256284.,Cytoplasmic
289,slr0191,2388567,2912645,787336.,769249.,564340.,Unknown
290,sll0169,696515.,703566.,902937.,853979.,1242571,CytoplasmicMembrane
291,sll1292,4789978,4493947,2568526,1768184,912595.,Cytoplasmic
292,sll0860,536082.,1091601,1618223,2059187,2535674,Cytoplasmic
293,sll0753,2517624,2464042,1106451,789153.,387731.,Cytoplasmic
294,sll0588,6001187,5073695,807533.,680539.,695326.,Unknown
295,slr0809,359146.,239847.,1044196,941350.,1145497,Cytoplasmic
296,sll0480,9293765,1061257,6999397,8629480,2468359,Cytoplasmic
297,sll1327,8166916,1244794,1410228,2386743,2091990,Unknown
298,sll1799,6167359,6116116,1864418,2021961,1453302,Cytoplasmic
299,sll0036,172079.,168471.,363660.,328033.,333708.,Cytoplasmic
300,slr0635,107861.,718959.,682411.,809149.,233564.,Cytoplasmic
301,ssl3044,146317.,161027.,282866.,190400.,561390.,Unknown
302,slr0426,2485307,1998844,892048.,594150.,319182.,Cytoplasmic
303,sll1336,5598600,5130246,7961408,9438219,1230749,Cytoplasmic
304,slr0194,1260332,1320008,1704219,1983655,2236903,Cytoplasmic
305,slr0662,224592.,369791.,1544522,876544.,1615733,Unknown
306,slr1844,395317.,378378.,633050.,688641.,784626.,Cytoplasmic
307,sll0616,2714901,2503013,6702408,4852418,5314117,Cytoplasmic
308,sll0535,890062.,753077.,2649214,2281139,4086587,Cytoplasmic
309,sll2001,3267957,3093428,3373302,2252654,1634634,Cytoplasmic
310,sll0446,1119949,7184076,2325902,1827345,449071.,Unknown
311,slr2051,3140975,4965644,7167541,4798097,2922495,CytoplasmicMembrane
312,slr0213,3148605,3023455,6259244,5885446,7589083,Cytoplasmic
313,sll0708,476054.,438208.,955788.,793433.,1390569,Cytoplasmic
314,sll1261,2938548,3318453,2667550,2554850,1645989,Cytoplasmic
315,slr1557,780033.,635735.,648582.,631376.,273005.,Cytoplasmic
316,sll1151,446074.,347980.,910753.,624260.,1140343,CytoplasmicMembrane
317,slr0374,849526.,602914.,422678.,253247.,245534.,CytoplasmicMembrane
318,sll1033,1046715,1182794,2646840,2303002,3248946,Cytoplasmic
319,slr0479,103132.,144454.,620924.,367975.,819071.,Unknown
320,sll0258,1193180,1504054,8590532,6373508,2796901,CytoplasmicMembrane
321,sll1772,414036.,364434.,551990.,709153.,1051425,Cytoplasmic
322,slr0304,142380.,113058.,263085.,320402.,473207.,Cytoplasmic
323,sll1427,643562.,1029894,1128392,1130995,891540.,Periplasmic
324,slr1501,3034634,2736529,1328478,3960744,9145490,Cytoplasmic
325,sll0271,4474527,4472930,3123585,2799241,2354062,Cytoplasmic
326,sll0080,6197754,4757921,3842130,2773850,1394860,Cytoplasmic
327,sll1173,477054.,384635.,1751760,1492225,1899968,Cytoplasmic
328,slr0638,2571277,2639277,4657179,4384581,5339997,Cytoplasmic
329,sll0038,1032672,775644.,2398184,2137772,4026319,Cytoplasmic
330,slr0009,1907643,1817632,2459669,2505022,3500114,Cytoplasmic
331,slr1811,525703.,557890.,161294.,107039.,163756.,Cytoplasmic
332,slr0769,3473053,4834407,2663280,1640581,917608.,CytoplasmicMembrane
333,sll1356,2999533,1745221,2002506,1475489,1571666,Cytoplasmic
334,slr0076,896880.,392754.,1337099,1731626,1361709,Unknown
335,sll1294,2751408,2457298,2496820,2261733,1124736,CytoplasmicMembrane
336,sll1058,804768.,685101.,146866.,250079.,152510.,Cytoplasmic
337,slr0523,614813.,997693.,1805636,1610376,1754981,Cytoplasmic
338,sll0554,316592.,393634.,369526.,331674.,165263.,Unknown
339,slr1541,3501152,2032542,511886.,773913.,268002.,Cytoplasmic
340,slr1793,1161503,1030471,4571807,3924471,4069924,Cytoplasmic
341,sll1340,271385.,262391.,390559.,556647.,640073.,Unknown
342,sll0781,5276346,4149268,3500030,3760235,2943471,Cytoplasmic
343,slr1710,148392.,101806.,141892.,157981.,300044.,CytoplasmicMembrane
344,sll1530,2519549,1417480,4046754,4102495,4533413,Cytoplasmic
345,sll1568,237165.,334330.,600320.,518731.,478437.,Cytoplasmic
346,slr1702,1839757,1860265,2681952,2720825,4594577,Cytoplasmic
347,slr0209,3875421,1026598,1207145,1363552,4009538,Cytoplasmic
348,slr0677,2350451,2145084,2133992,1835401,1007601,CytoplasmicMembrane
349,sll0379,1195746,987023.,1552615,1404057,793180.,Cytoplasmic
350,slr0172,1026224,9679710,1427583,1752960,1986130,Cytoplasmic
351,sll1178,514573.,301025.,1261263,880470.,748386.,Cytoplasmic
352,sll1239,1601197,1210461,1045409,718172.,672477.,Cytoplasmic
353,slr1678,2253128,3020400,1358543,1046643,744384.,Cytoplasmic
354,slr0156,6357237,5682726,8147103,7978826,5942047,Cytoplasmic
355,slr0937,957699.,1343509,2055143,2349155,2949549,Unknown
356,slr1397,1833799,1511970,1687481,1597089,758583.,Cytoplasmic
357,slr1517,8311110,7103666,4904775,4606386,2673843,Cytoplasmic
358,sll1920,509013.,451509.,352265.,232815.,253023.,CytoplasmicMembrane
359,slr0444,2252226,2261151,2771261,2851252,3576650,Cytoplasmic
360,sll1323,1940362,1682972,3071510,2604827,4039900,Unknown
361,slr0287,1495595,1576093,1206665,1986009,4084766,Unknown
362,sll1370,2307036,1923520,2883941,4025336,4149026,Unknown
363,ssl2245,988663.,966246.,4044579,3344612,3791192,Unknown
364,slr1719,9775787,1057912,2480601,2693400,2083879,Cytoplasmic
365,slr1720,5080354,4792374,8718293,8292020,6768458,Cytoplasmic
366,slr0257,653800.,751972.,2765344,4213198,3143179,CytoplasmicMembrane
367,slr0943,2241929,1879089,1782947,1368365,2306673,Unknown
368,sll1693,2084026,1246116,1152343,1030556,817147.,Cytoplasmic
369,slr1177,1030493,670293.,1078248,1114286,1565964,CytoplasmicMembrane
370,slr0417,3698396,3230407,5260655,5642168,7289064,Cytoplasmic
371,sll0928,5710075,4135553,3098265,2556195,1487913,Unknown
372,ssr1698,214803.,202531.,1135669,874443.,933596.,Unknown
373,slr0650,1284158,1411132,2531349,2182060,1421534,Cytoplasmic
374,slr1560,1500394,1080550,1851605,1700151,2923556,Cytoplasmic
375,slr2034,5703198,4462224,5313951,7003724,9555644,Unknown
376,slr0404,1223178,527890.,463728.,253521.,91446.7,CytoplasmicMembrane
377,slr1600,3511780,5090309,1052525,1117687,6324565,Cytoplasmic
378,slr0244,4209493,3514556,1499321,1434117,1261414,Cytoplasmic
379,sll0886,2170581,2001817,1603165,1325227,823836.,CytoplasmicMembrane
380,sll0414,3889507,3071995,2352460,2268607,1918912,Extracellular
381,slr0228,3071865,3102484,6223185,5645158,8581817,CytoplasmicMembrane
382,slr1463,1457583,1331259,3555084,2765491,3437106,Cytoplasmic
383,slr0072,114682.,198105.,250905.,169145.,143238.,Cytoplasmic
384,slr0676,6085183,5706674,2073024,2927728,917544.,Cytoplasmic
385,sll0915,5052849,3219242,3537301,6200529,9031067,Unknown
386,sll1821,3714650,3706775,1931281,1639093,7444465,Cytoplasmic
387,slr0376,935675.,425699.,252719.,149998.,154239.,Unknown
388,ssr1604,1038843,7855620,6337924,5906706,910418.,Cytoplasmic
389,slr0950,2019333,2117457,2061573,1871274,1040963,Cytoplasmic
390,sll0149,4553214,3214819,1393082,1028291,486743.,Cytoplasmic
391,sll1213,5433803,5217616,2848474,3468996,2725775,Cytoplasmic
392,slr0357,496721.,626243.,1209818,562466.,723197.,Cytoplasmic
393,slr0774,1407341,1354606,2724145,2080413,2667709,CytoplasmicMembrane
394,sll0058,1989506,2039460,4006833,4278984,3732552,Cytoplasmic
395,slr0342,1256996,2336781,4711669,3268642,8044088,CytoplasmicMembrane
396,slr0073,1724873,1266899,893076.,827381.,894502.,Cytoplasmic
397,sll0019,4147660,2933441,5127688,4943887,6437300,Cytoplasmic
398,sll0051,2261991,1475415,6965660,1008934,6386724,Cytoplasmic
399,slr1618,2538622,1900177,1849512,1924639,1191618,Unknown
400,slr1645,1976778,1427380,3942001,2676912,662454.,Unknown
401,sll0224,4929088,5732311,7605218,1058455,1269571,Periplasmic
402,slr1550,1378277,1228879,3467547,2749473,3889781,Cytoplasmic
403,sll1577,2469381,3530307,5137211,3856885,1491362,Unknown
404,sll0195,119023.,130731.,319167.,287044.,244810.,Cytoplasmic
405,slr0597,4392138,3183633,1582789,1625196,1064250,Cytoplasmic
406,sll0635,260713.,35113.5,576202.,398186.,493815.,Cytoplasmic
407,slr1756,4962538,3335405,6949841,5993181,6328761,Cytoplasmic
408,slr1867,827401.,806542.,210396.,119308.,146137.,Cytoplasmic
409,sll1809,7580894,7637023,2426313,1320564,1007026,Cytoplasmic
410,slr0585,6228665,5799044,1285137,1184515,1012162,Cytoplasmic
411,sll0408,2788515,2531840,1432444,1178859,5515890,Periplasmic
412,slr0557,3853718,3090384,4911064,4314302,3050337,Cytoplasmic
413,slr1535,1252876,590826.,1336119,196505.,345349.,Cytoplasmic
414,sll1502,9326787,5795709,7768767,6628560,5047226,CytoplasmicMembrane
415,slr0898,7324553,5774496,8887866,7726535,1135395,Cytoplasmic
416,slr1643,3334604,3763741,1459785,1058901,2363832,CytoplasmicMembrane
417,slr1934,4581421,3830070,7580573,6477019,4637793,Cytoplasmic
418,slr0063,2858890,1145391,5232162,4196642,4244144,Cytoplasmic
419,slr0105,722050.,307742.,258592.,224332.,385161.,Cytoplasmic
420,slr2024,2745163,3082808,1591261,1648221,636101.,Cytoplasmic
421,slr0513,808099.,750404.,1356317,1473300,941517.,Periplasmic
422,sll0982,1980979,1999944,1403994,1297081,789775.,Unknown
423,sll1019,502888.,332802.,522120.,490614.,469032.,Cytoplasmic
424,slr1385,3408697,2641870,3774911,4556037,4860924,Unknown
425,slr0719,689727.,874677.,752202.,1563312,1957899,Unknown
426,sll0034,657569.,790312.,773984.,622505.,326225.,Cytoplasmic
427,sll0401,3646075,2993574,3425833,2719319,1396965,Cytoplasmic
428,slr0362,850864.,752247.,1262180,1521348,1917881,Cytoplasmic
429,ssr1528,1153113,1618391,5239467,4870318,3630959,Unknown
430,slr1330,4041370,4213619,483451.,452325.,406214.,Unknown
431,sll0504,595790.,941140.,3266133,2415737,2322953,Cytoplasmic
432,slr0626,2492523,2469567,3243280,3109065,4201990,Cytoplasmic
433,sll0221,1214873,602762.,1659430,1686663,2103247,Cytoplasmic
434,sll0728,3628835,3429561,4562328,4581465,3582918,Cytoplasmic
435,slr0293,584583.,681107.,776607.,1215952,2269747,Cytoplasmic
436,slr0869,1295876,1363811,2462678,2671396,1660542,Cytoplasmic
437,sll1130,3908420,3469631,4579683,4490586,7171270,Unknown
438,sll1343,2461444,2383284,3479842,3266202,4482393,Cytoplasmic
439,sll1092,427603.,180109.,888390.,896410.,733935.,Unknown
440,slr0608,1211344,912369.,239812.,1419815,1945615,Cytoplasmic
441,sll1435,6326350,5076127,6559325,6073181,9752705,Cytoplasmic
442,sll1747,3219793,2751970,4600532,4082084,3454475,Cytoplasmic
443,slr1839,4055919,3788530,928429.,1356240,1077692,Unknown
444,slr0743,5071182,3463832,7779552,6434218,6601246,Cytoplasmic
445,slr1616,633699.,436850.,687959.,597028.,1438885,Unknown
446,ssl3436,3300182,3901720,7293771,9474196,9308177,Unknown
447,slr0534,528007.,542298.,1154218,958448.,1362736,Periplasmic
448,sll0088,442398.,323461.,477673.,493387.,204955.,Cytoplasmic
449,sll1945,6293011,5970682,1055094,9201042,1110643,Cytoplasmic
450,slr1861,556739.,440136.,907170.,871760.,1358027,Unknown
451,sll0735,4415969,5769355,1694548,1807978,1296807,Cytoplasmic
452,sll0921,1747342,858538.,2385602,2079876,3085055,Cytoplasmic
453,sll1499,3515073,2996792,5001647,4754694,6605827,Cytoplasmic
454,sll0314,1650194,1592401,2840388,2329567,1936190,Unknown
455,slr6050,801945.,625265.,605148.,506970.,528662.,Cytoplasmic
456,slr0930,1447310,1051966,1850781,1406322,2580961,Cytoplasmic
457,slr1718,4794195,5069253,3980207,2253436,836967.,Unknown
458,slr1840,325488.,250339.,413178.,423412.,606727.,Cytoplasmic
459,slr1900,1006106,557071.,1611596,2199128,1263381,Cytoplasmic
460,slr1042,5379116,4059005,3128419,2902342,2795473,Cytoplasmic
461,slr1847,1223768,1453657,2726284,2066850,1075963,Unknown
462,sll0757,3144080,2595557,2597016,1845884,1795730,Cytoplasmic
463,sll1041,419676.,340336.,228893.,198858.,265275.,CytoplasmicMembrane
464,ssr3402,3276954,5286679,2502986,2644592,2230619,Unknown
465,sll1852,2911558,2611932,1846744,1336369,530688.,Cytoplasmic
466,slr2060,203916.,182523.,175937.,133711.,85671.9,Cytoplasmic
467,slr0399,787960.,963598.,1647812,1795464,2115115,Cytoplasmic
468,sll1338,1231284,976929.,384745.,498483.,321968.,Unknown
469,sll0216,1762090,1248019,1796691,1730434,2506186,Unknown
470,sll1380,3550847,3296461,6089744,5872579,6943413,Unknown
471,sll0529,2667751,1249931,3860295,4445223,3484380,Extracellular
472,slr1724,742141.,335498.,1022665,845632.,1287447,Cytoplasmic
473,slr1950,80402.1,128944.,218116.,212346.,296377.,CytoplasmicMembrane
474,sll0550,554019.,460386.,888268.,892407.,1127784,Cytoplasmic
475,sll0145,1333068,1096759,1512616,1745187,2365457,Cytoplasmic
476,slr1234,6231697,6808058,2307743,2254536,2116163,Cytoplasmic
477,sll0086,1604648,953996.,937875.,851850.,761091.,Cytoplasmic
478,sll1430,4217756,2785296,4138987,3349516,4672621,Cytoplasmic
479,slr0322,3542810,2601584,2227172,1805869,1741300,Cytoplasmic
480,slr0288,1190830,6322996,1540491,1215523,1060905,Cytoplasmic
481,slr0592,127813.,163147.,336880.,346499.,407621.,Unknown
482,slr1735,1732121,717964.,2439392,1638154,919251.,CytoplasmicMembrane
483,sll0078,492697.,615994.,2178069,1429105,1670158,Cytoplasmic
484,sll1091,6786962,6675897,1140850,1385639,9901953,Cytoplasmic
485,slr0302,77816.1,200686.,226571.,92436.9,298092.,Cytoplasmic
486,sll1582,176226.,151423.,230475.,215945.,308530.,Cytoplasmic
487,sll0422,3631728,2856981,5069802,5556279,7327364,Unknown
488,sll0208,4087036,3810891,6888881,1005965,6473061,Cytoplasmic
489,sll1104,186003.,215420.,310695.,326258.,336406.,OuterMembrane
490,slr0661,2191915,1099250,761150.,654933.,511514.,Cytoplasmic
491,slr1986,1911248,2638887,8358844,7226315,4136120,Unknown
492,slr1452,127662.,233163.,606663.,342112.,309199.,Periplasmic
493,slr1105,7241238,4224551,1186534,8291052,9928249,CytoplasmicMembrane
494,sll1382,1077280,923768.,321105.,201721.,114452.,Unknown
495,slr1610,957276.,592049.,662553.,488747.,583067.,Cytoplasmic
496,sll1388,626829.,374530.,248201.,146911.,137059.,Cytoplasmic
497,slr0049,6120854,4328952,4402365,3253861,4597671,Cytoplasmic
498,sll1393,1905810,2036654,3404299,3881859,4571567,Cytoplasmic
499,slr0303,147390.,158815.,262343.,416619.,475714.,Cytoplasmic
500,slr1655,6491059,7548260,2975146,2023735,1408985,CytoplasmicMembrane
501,ssr3341,1864125,2043098,3724879,3414673,4792529,Unknown
502,slr0659,1019589,1029587,1669114,1194287,2643828,Cytoplasmic
503,slr1984,8471946,7561410,1144943,9204166,1453080,Cytoplasmic
504,sll5066,392656.,393759.,602145.,557609.,462810.,Cytoplasmic
505,slr0845,188926.,116100.,251646.,252374.,320970.,Cytoplasmic
506,slr1127,1307192,1864125,393746.,335871.,633039.,Unknown
507,sll0141,103493.,103600.,124991.,106738.,259103.,CytoplasmicMembrane
508,slr0738,2433239,1675025,1285610,915665.,675759.,Cytoplasmic
509,slr1140,2420660,2588004,3428552,4207637,4146583,Cytoplasmic
510,slr1270,275894.,525937.,822572.,979574.,917646.,OuterMembrane
511,slr1703,4775022,3336320,5911163,5940910,7423623,Cytoplasmic
512,ssr3304,850511.,1137665,949662.,991056.,400426.,Unknown
513,sll1545,4042928,3315648,5531131,4748633,4979830,Cytoplasmic
514,slr0574,332103.,215598.,213658.,167650.,88263.3,Cytoplasmic
515,ssl1326,238398.,680809.,710783.,954106.,1034141,Unknown
516,slr1277,4255442,6860440,8801112,9456462,5468323,OuterMembrane
517,slr1874,1939551,1841076,3239590,3122339,4581145,Cytoplasmic
518,sll0381,2260873,2194298,2965277,2148471,2468256,Unknown
519,sll0754,2671625,2121677,1835895,1930149,1420511,Cytoplasmic
520,sll1108,1288954,1389025,2637080,2625056,3370345,Unknown
521,slr1364,479481.,597142.,839172.,839572.,924381.,Cytoplasmic
522,ssl2982,5716730,6587141,9119031,1168783,1408386,Unknown
523,slr0940,1694094,1144338,2215886,2100210,3260370,Unknown
524,sll1053,539713.,247024.,655105.,647660.,483913.,Unknown
525,slr1945,7475690,6748272,6271275,9069815,1647096,Cytoplasmic
526,slr2067,1203881,2928792,5394617,3759165,1719436,Unknown
527,slr0039,2035716,904571.,1238689,826880.,838346.,Cytoplasmic
528,sll1561,3196072,2531741,5369117,3888273,3179371,Cytoplasmic
529,slr0665,9797806,9038051,1367591,1174405,1933337,Cytoplasmic
530,sll0643,2679223,2525928,3007948,2728371,1436860,Cytoplasmic
531,sll0585,1167576,863625.,854548.,742031.,609427.,Cytoplasmic
532,slr1128,2689139,2170651,4499323,3423748,4594893,Unknown
533,slr1842,3260310,4377256,5674994,6488742,6808669,Cytoplasmic
534,slr0965,571123.,554587.,1603566,2100793,1440317,Cytoplasmic
535,slr1508,104719.,138609.,183747.,182861.,283267.,Cytoplasmic
536,slr0114,139528.,141884.,154313.,224321.,330809.,Cytoplasmic
537,sll0485,257076.,202872.,166361.,145822.,180529.,Cytoplasmic
538,slr2131,1980901,1213437,710510.,844063.,1553908,CytoplasmicMembrane
539,sll0166,213071.,165114.,302483.,266884.,396281.,Cytoplasmic
540,slr1859,2119796,2008851,1902011,1620673,9995768,Unknown
541,slr1503,566603.,445783.,760631.,627047.,689822.,Cytoplasmic
542,slr1835,662608.,597215.,2886218,2142135,3729931,CytoplasmicMembrane
543,sll1051,802914.,877526.,945783.,901170.,2752275,Unknown
544,slr1881,1589979,1532466,1619968,2505673,3186063,CytoplasmicMembrane
545,slr1030,6143669,5847589,3940394,2169296,978771.,Cytoplasmic
546,sll1471,3521268,2442418,3369542,3045916,9001580,CytoplasmicMembrane
547,sll1249,794861.,782237.,1772669,1648523,1937122,Cytoplasmic
548,slr0709,651188.,344113.,1164037,1478943,1402347,Cytoplasmic
549,sll1682,835216.,552404.,745694.,674501.,599530.,Cytoplasmic
550,sll1812,6792197,1737308,2399979,1384492,533211.,Cytoplasmic
551,slr6056,135559.,368118.,114310.,93106.1,122110.,Unknown
552,slr1269,708821.,651950.,631421.,566698.,1089300,Periplasmic
553,slr0201,1216071,695176.,840162.,744408.,1170123,Cytoplasmic
554,slr0543,746003.,1227457,1130758,865078.,553949.,Cytoplasmic
555,slr1289,1025484,1166676,3353949,3118883,4797571,Cytoplasmic
556,sll1123,1827778,1330218,1749141,1625772,1278778,Unknown
557,slr1239,801823.,718486.,1165319,997899.,1191391,CytoplasmicMembrane
558,ssr3383,4601975,5006459,1485302,1563121,5969475,Unknown
559,sll8049,604256.,437378.,299732.,399152.,356871.,Cytoplasmic
560,sll0042,2454057,1427980,1550965,1195744,652013.,CytoplasmicMembrane
561,slr0075,1759291,1890625,2657391,3559092,3222270,Cytoplasmic
562,slr1219,997211.,972932.,1257095,1527538,1918178,Cytoplasmic
563,sll1641,6109167,4133423,3873038,3283432,2945534,Cytoplasmic
564,slr2049,2546944,1847252,3181156,3053751,3128321,Unknown
565,slr5051,1249115,707350.,1379856,1271262,994070.,Unknown
566,sll1481,181606.,141029.,274915.,274165.,574251.,Cytoplasmic
567,sll1956,165866.,174744.,513523.,329179.,543979.,Cytoplasmic
568,sll1580,9302235,8670213,9353428,7524699,5521487,Unknown
569,sll0680,855379.,1041475,2963303,2933981,1836994,Periplasmic
570,slr5073,920387.,662330.,472665.,1714526,2950580,Cytoplasmic
571,ssl3445,92127.2,186336.,260662.,285199.,413828.,Cytoplasmic
572,sll1818,2278786,2081466,1108565,1314426,6404545,Cytoplasmic
573,sll1669,331892.,678544.,1027035,1481214,1584102,Cytoplasmic
574,sll0572,226290.,117044.,111279.,104331.,112229.,Cytoplasmic
575,sll1135,1302171,906359.,659182.,549513.,158922.,Unknown
576,sll0227,4257809,3129378,2980802,3182574,4419603,Periplasmic
577,sll1667,2868192,2269728,4460660,3388070,2223870,Unknown
578,sll0148,771100.,222125.,272960.,231924.,131616.,CytoplasmicMembrane
579,sll1214,1235599,1025120,1857288,1461035,1904399,Cytoplasmic
580,slr1753,680674.,657576.,1468940,1197672,1080288,Unknown
581,slr0971,342084.,296661.,312883.,380229.,506581.,CytoplasmicMembrane
582,slr1808,950976.,941807.,1602285,1473192,2052612,Cytoplasmic
583,slr0458,228296.,133410.,234792.,277057.,251109.,Cytoplasmic
584,sll0220,2037898,1501555,2614194,2020384,1628493,Cytoplasmic
585,sll1596,369639.,285128.,321888.,156909.,934038.,Cytoplasmic
586,slr0739,4752355,4516690,6425980,6530387,6639332,Cytoplasmic
587,sll1950,737183.,622423.,1006816,903635.,1083338,Unknown
588,sll0374,1338385,947925.,2279035,1566360,1724534,CytoplasmicMembrane
589,slr2002,2113509,2305775,4433543,3711739,3736271,Cytoplasmic
590,slr1734,1172808,8454421,7086683,7392717,7165134,Unknown
591,slr0609,1782030,2217953,1592213,1318610,673705.,Cytoplasmic
592,ssl0258,584726.,547130.,399693.,408576.,240047.,Unknown
593,sll5052,76039.6,60317.6,123817.,117919.,170364.,CytoplasmicMembrane
594,slr0634,2047897,1564810,1048916,1114280,694847.,Cytoplasmic
595,slr0165,2409498,2246540,5269003,4094275,6539156,Cytoplasmic
596,slr0380,1658482,1176417,971833.,771682.,768868.,CytoplasmicMembrane
597,slr1919,119375.,116293.,225421.,233461.,299860.,CytoplasmicMembrane
598,sll0202,108871.,236271.,330594.,366023.,392783.,Cytoplasmic
599,slr1677,279519.,167547.,290803.,250152.,488101.,CytoplasmicMembrane
600,slr0549,676794.,1254784,432299.,240197.,296831.,Cytoplasmic
601,sll1958,1563708,1091249,1203791,1152115,1582387,Cytoplasmic
602,slr1020,5198273,6948194,4053412,2848785,1536813,Cytoplasmic
603,slr1056,307868.,135154.,228871.,224601.,207767.,Cytoplasmic
604,sll1283,1060896,1554639,2389893,2234059,1238647,Unknown
605,slr1476,1440181,1204040,2062218,1324265,1517835,Cytoplasmic
606,ssl0601,1477789,1799773,1364960,1313402,9683068,Unknown
607,slr1944,9155220,6353369,5105771,4474544,2636244,CytoplasmicMembrane
608,slr1116,1832588,1343138,1144053,1159341,1347698,Unknown
609,slr0746,1050549,735407.,997595.,632089.,519285.,Cytoplasmic
610,sll1296,149897.,184810.,316634.,288806.,464623.,Cytoplasmic
611,sll1456,4029115,3870336,5084743,4280062,6193150,Cytoplasmic
612,slr1679,665363.,571670.,867440.,677813.,697529.,Cytoplasmic
613,sll0413,177151.,138186.,619546.,417985.,582376.,CytoplasmicMembrane
614,sll1879,1117886,1862853,1869674,2362754,2987364,CytoplasmicMembrane
615,sll1665,636747.,397272.,2670344,2152621,1439695,Unknown
616,slr0387,191145.,108884.,240758.,183841.,128983.,Cytoplasmic
617,slr1603,166997.,154806.,159709.,177261.,455582.,CytoplasmicMembrane
618,slr0250,1168195,949501.,1793298,1425968,525035.,Unknown
619,sll0254,728558.,657046.,1174635,1376549,1751352,Unknown
620,sll1172,4700881,4930538,7795917,7887750,4435378,Cytoplasmic
621,slr0559,1715059,1231767,1228288,858649.,586267.,Unknown
622,slr0164,503952.,501103.,1791834,2200243,6923876,Cytoplasmic
623,slr1238,617170.,670840.,1569022,964811.,957114.,Cytoplasmic
624,sll0518,691411.,461964.,1166474,1236032,1361096,Unknown
625,sll1810,2119873,2248066,1874651,2891561,3457816,Cytoplasmic
626,sll1745,1558021,1634905,3778265,5253146,1243530,Cytoplasmic
627,sll1455,1089982,1082199,1995707,1707749,2314706,Unknown
628,sll1594,1022258,1320292,1163070,1420946,560645.,Cytoplasmic
629,slr1459,4231542,6362731,1383637,998046.,1246693,Cytoplasmic
630,slr0816,568575.,191721.,207891.,297377.,312311.,Cytoplasmic
631,slr2123,1357362,1021667,1126451,1055386,923073.,Cytoplasmic
632,slr0983,383992.,292562.,484939.,445363.,510822.,Cytoplasmic
633,sll0821,198701.,325429.,359993.,428377.,624436.,CytoplasmicMembrane
634,sll1085,155725.,104405.,168708.,114912.,251983.,Cytoplasmic
635,slr1273,9074474,1135665,7112811,3053377,4075750,Unknown
636,slr1353,1598637,1321870,868219.,574395.,180907.,Cytoplasmic
637,slr0835,2514537,2218721,2523254,3091634,3718563,Cytoplasmic
638,slr1884,832905.,1406212,514833.,575905.,717169.,Cytoplasmic
639,sll0520,2118359,3127899,3982844,4210979,6914528,Cytoplasmic
640,sll1434,831583.,1021070,1801774,2126205,2615508,CytoplasmicMembrane
641,sll1760,371329.,272358.,154529.,128151.,213310.,Unknown
642,slr0545,354660.,257320.,340199.,243844.,386172.,Cytoplasmic
643,sll0830,2003123,1406196,1310907,941805.,970902.,Cytoplasmic
644,slr1223,2755950,1811660,2141020,1913281,2793944,Cytoplasmic
645,slr0338,1767457,923354.,1736790,1653608,2700838,Unknown
646,slr1189,479481.,427244.,335506.,294333.,234963.,Cytoplasmic
647,sll1628,168687.,116339.,464167.,452450.,576882.,Cytoplasmic
648,sll0902,1377811,1215302,750462.,480552.,268555.,Cytoplasmic
649,sll1654,1158026,1208296,1214745,1474731,1662867,Cytoplasmic
650,slr0326,4549096,6840774,4141592,2658279,1799820,Unknown
651,sll1656,438741.,366094.,644527.,445027.,689829.,CytoplasmicMembrane
652,slr0261,5346480,4539017,5675350,5813205,9002905,Cytoplasmic
653,sll1030,4232484,4682128,1141640,479366.,308194.,Unknown
654,slr1096,2643777,2672119,1367430,1585190,1205133,Cytoplasmic
655,slr0900,651902.,566906.,707272.,741933.,1167564,Cytoplasmic
656,sll0659,221218.,214174.,435377.,355702.,409460.,Cytoplasmic
657,sll0286,120718.,98420.6,262543.,151646.,90377.0,Cytoplasmic
658,sll1883,3021989,2262978,2774298,3031412,3112248,Cytoplasmic
659,slr6097,185276.,91131.3,307368.,257912.,389292.,Cytoplasmic
660,slr2005,3330051,3667785,2836478,2542077,1434832,Unknown
661,slr1103,2107076,1503839,2097774,1616948,1396025,CytoplasmicMembrane
662,sll0541,149637.,221207.,310087.,191889.,120107.,CytoplasmicMembrane
663,slr0680,1127606,1054222,477414.,380776.,536860.,Cytoplasmic
664,slr1577,510092.,354846.,376894.,436813.,225302.,Unknown
665,slr0550,3106333,2181737,3196062,3011274,2710433,Cytoplasmic
666,slr0032,8735148,9020608,5724947,5108788,3308092,Cytoplasmic
667,sll1712,2974127,7418389,6235974,3299538,2008597,Cytoplasmic
668,sll1675,773443.,643138.,632597.,655213.,806869.,Cytoplasmic
669,slr0080,557877.,606657.,300459.,408381.,485566.,Unknown
670,sll0057,1801829,1611884,1553359,1685712,1011917,Cytoplasmic
671,sll1138,292232.,175971.,264011.,174585.,256606.,Cytoplasmic
672,sll1735,176133.,174619.,104394.,135354.,272485.,CytoplasmicMembrane
673,slr1024,734413.,596571.,579663.,591075.,580270.,Unknown
674,slr0966,3437799,2893374,1748451,757988.,727508.,Cytoplasmic
675,sll1226,4050809,2803532,2357243,1949123,2623894,Cytoplasmic
676,slr0912,932989.,825718.,1725255,1445350,1811391,Cytoplasmic
677,slr1410,5276973,4935358,2452763,2286537,1206984,Unknown
678,slr1240,2935752,2215101,2685359,2213360,1570333,Cytoplasmic
679,slr0990,411921.,478504.,692020.,800014.,1218176,Unknown
680,sll0293,618177.,602367.,2438948,3316409,2724165,Unknown
681,slr1104,1840012,1588941,2785657,2135018,2777438,CytoplasmicMembrane
682,slr1991,166214.,234161.,156026.,255384.,668936.,Unknown
683,sll1071,2300530,1643382,1774509,1430557,2503140,CytoplasmicMembrane
684,slr2094,2715940,2136191,4739253,4119440,3815447,Cytoplasmic
685,sll1056,1255703,1389463,1937337,1984660,3649809,Cytoplasmic
686,ssl0020,1515368,1198939,4659419,4992142,2976787,Unknown
687,ssl1918,814613.,610994.,651464.,638924.,416551.,Unknown
688,slr0017,198517.,265762.,345072.,378778.,611689.,Cytoplasmic
689,slr1641,3138142,2485927,1602433,1601307,2405939,Cytoplasmic
690,slr1203,309168.,362147.,318117.,340912.,520962.,Cytoplasmic
691,sll1165,758170.,683585.,1349234,1047828,1279018,Cytoplasmic
692,sml0011,1642368,1435622,776171.,926296.,804702.,Unknown
693,sll8001,365077.,280139.,276621.,232689.,239152.,Cytoplasmic
694,sll1304,791163.,1225106,1883514,2083623,1491483,Cytoplasmic
695,sll0378,145810.,106339.,217660.,427399.,214309.,Cytoplasmic
696,sll1443,2698328,1844674,3651927,2922668,3004878,Cytoplasmic
697,sll1783,6743106,6718872,5598301,3771121,1056084,Unknown
698,slr1266,2070521,2382002,3876886,3936712,3481217,Unknown
699,sll0629,9595047,5376559,6103686,6089233,1142059,CytoplasmicMembrane
700,sll0712,588022.,380275.,631227.,498753.,277664.,Cytoplasmic
701,sll1625,914791.,1136917,609778.,532888.,611677.,CytoplasmicMembrane
702,ssr1480,3681155,2368715,2329322,3325524,761702.,Unknown
703,slr1848,4648963,3369449,4849281,4207872,5608767,Cytoplasmic
704,slr0089,617040.,511475.,798358.,692326.,409514.,Unknown
705,slr1041,155871.,102842.,124853.,93417.6,100841.,Cytoplasmic
706,slr1898,1008836,2339269,1287125,853478.,890711.,Cytoplasmic
707,sll0558,1564946,1314464,1141407,1053190,952212.,Unknown
708,sll0759,306390.,265473.,192781.,127461.,102946.,CytoplasmicMembrane
709,slr0516,2928632,2368588,3730946,3879952,3488481,Extracellular
710,sll0533,1303165,1312279,1397263,1187634,7679715,Cytoplasmic
711,slr2097,6111370,5726740,5582092,4404931,3627290,Cytoplasmic
712,slr1161,3538232,3286331,4579928,3393531,3158869,Cytoplasmic
713,sll0436,888077.,1057276,1673260,2153292,3610222,Unknown
714,slr1949,1648355,1306866,1348368,1470876,889645.,Unknown
715,sll1262,507172.,311305.,870707.,1061273,762175.,Unknown
716,sll1096,1552433,1479783,2424851,2635023,2150804,Cytoplasmic
717,slr0637,1327116,951468.,1835957,1673608,2017232,Unknown
718,sll0888,665832.,581763.,343475.,301530.,134043.,Cytoplasmic
719,sll1372,177145.,124385.,176320.,171445.,444664.,CytoplasmicMembrane
720,sll0048,859845.,588229.,540999.,532905.,643766.,Cytoplasmic
721,ssl0563,7516148,7593448,1799770,1913684,1862820,CytoplasmicMembrane
722,sll0402,1232837,932905.,902855.,1069328,775837.,Cytoplasmic
723,slr0721,2285370,1111042,2901476,2652387,1881355,Cytoplasmic
724,sll1892,1123034,854093.,542499.,467011.,324517.,Unknown
725,sll1324,201409.,219160.,191888.,120302.,750257.,Cytoplasmic
726,slr1819,1037993,597057.,1017550,810890.,516663.,Extracellular
727,slr0260,263813.,221607.,675420.,476523.,452174.,Cytoplasmic
728,slr1325,1218369,864691.,1649059,1622794,1414631,Cytoplasmic
729,sll0587,1722663,1156283,1552902,1516811,1956220,Cytoplasmic
730,slr5071,476925.,211190.,359485.,232846.,157455.,Unknown
731,slr1398,246591.,210079.,247035.,179440.,81282.4,Unknown
732,slr1693,1305814,945767.,1590632,1389606,1805856,Cytoplasmic
733,ssl3093,1055635,1109172,9437064,1040725,4270223,CytoplasmicMembrane
734,sll0043,302911.,391365.,367463.,388913.,510210.,Unknown
735,slr0007,2673626,2939474,2600744,2218085,987609.,Cytoplasmic
736,slr0804,2068681,3164980,3793835,4020396,3025092,Periplasmic
737,ssl0352,1216942,1578626,1643156,2388592,2341225,Unknown
738,sll0044,202406.,145471.,164273.,105457.,42943.4,Unknown
739,slr0862,989586.,1676147,264082.,582524.,981918.,Cytoplasmic
740,sll1070,1832398,1905850,3272372,2968385,3385110,Cytoplasmic
741,ssr2799,1932306,1890659,2507896,2741062,1706573,Cytoplasmic
742,ssl2296,2852798,2915192,3743409,4112935,5383453,Unknown
743,ssl0461,2719357,1927548,3327273,6862238,4648058,Unknown
744,slr1722,1727665,3299553,1108384,1018323,786930.,Cytoplasmic
745,ssl2814,91983.0,143958.,69513.0,64735.4,202111.,Unknown
746,ssr2201,316614.,231135.,258348.,163380.,128046.,Unknown
747,slr0993,602619.,923878.,1643182,2397473,1541187,Unknown
748,slr1255,313270.,351677.,1069734,540136.,1095362,Cytoplasmic
749,ssl0467,8502676,1042928,2849580,2040294,1233116,Unknown
750,slr0453,1282171,974323.,1316138,885784.,1099848,Cytoplasmic
751,slr9201,1278949,1498102,1310534,1349125,3185293,Unknown
752,slr0431,156562.,334294.,87272.5,77471.0,199227.,Periplasmic
753,sll1873,7529125,7343942,1641603,4796417,4249377,Unknown
754,slr1974,762388.,499596.,898505.,832674.,696261.,Cytoplasmic
755,slr0924,2087939,2800516,4022718,4907083,5079830,CytoplasmicMembrane
756,sll1290,1079654,873087.,1270439,1315708,1620147,Cytoplasmic
757,sll1084,95720.9,180538.,95352.8,74024.4,193122.,Cytoplasmic
758,sll1142,2289918,1527014,1873143,2657493,3039869,Cytoplasmic
759,sll0171,1504801,1236275,1663366,1454888,1001600,Cytoplasmic
760,slr0013,1062485,1140978,914133.,1194011,2055790,Unknown
761,sll0400,196157.,253012.,163329.,156402.,116907.,Unknown
762,sll0180,5830936,5760412,5795893,5119875,8343976,OuterMembrane
763,sll1483,553571.,1581927,433884.,609521.,785512.,Unknown
764,sll1767,868577.,722101.,413339.,194557.,98884.6,Unknown
765,ssr2857,2263764,2850701,1716306,1642831,1245010,Unknown
766,sll0072,349202.,210930.,317460.,265536.,249635.,Cytoplasmic
767,sll0726,2363101,1966719,2600445,2454362,3595814,Unknown
768,sll1709,348221.,295794.,518626.,385740.,596457.,Cytoplasmic
769,slr2032,117606.,221814.,116255.,186709.,96842.3,Cytoplasmic
770,slr0335,7070304,5453387,9368479,7463677,8506715,CytoplasmicMembrane
771,slr2143,629826.,568891.,545437.,503412.,634516.,Cytoplasmic
772,slr0442,2746985,1717761,1970629,1951326,1889871,OuterMembrane
773,slr2047,1154167,1774455,1210680,1667108,3024014,Cytoplasmic
774,sll1514,503675.,1672181,1465200,334657.,924833.,Cytoplasmic
775,slr0861,1652304,1150101,1919633,1698632,1659111,CytoplasmicMembrane
776,ssl2717,831533.,842081.,845996.,1031444,1236068,Unknown
777,slr0147,1250596,632528.,1202005,780863.,470979.,Cytoplasmic
778,sll0325,190211.,156256.,168812.,194220.,292484.,Unknown
779,slr0079,1108931,910298.,1228595,978400.,1362219,Cytoplasmic
780,sll1362,893882.,831425.,790594.,1167319,1652929,Cytoplasmic
781,slr0185,6314056,4009463,6152741,5288900,4229640,Unknown
782,sll0023,781917.,788548.,964382.,859793.,1547911,Cytoplasmic
783,ssl1493,185125.,195726.,555361.,309256.,723655.,Cytoplasmic
784,sll0900,4758961,3575597,3781412,3701056,2311890,Cytoplasmic
785,slr0689,146070.,140735.,306580.,233660.,314686.,Cytoplasmic
786,slr6110,553515.,353626.,292067.,195310.,238155.,CytoplasmicMembrane
787,sll1933,161213.,186389.,204143.,232664.,327982.,Cytoplasmic
788,sll1743,1579785,1681879,5653250,5279184,1240466,Cytoplasmic
789,slr1983,555607.,567033.,798880.,682697.,1062080,Cytoplasmic
790,slr1076,964343.,523203.,685590.,725949.,939727.,Cytoplasmic
791,slr2025,5700608,8564139,1131932,1169305,1024034,Cytoplasmic
792,sll1270,244323.,208847.,438709.,400482.,467645.,CytoplasmicMembrane
793,slr0370,2812163,1937613,1793029,1602549,2461595,Cytoplasmic
794,ssl2501,310353.,316072.,343336.,689446.,506242.,Unknown
795,slr0884,4694071,5773657,4263575,5414565,7764933,Cytoplasmic
796,sll1811,584290.,513792.,511557.,764418.,1033529,Cytoplasmic
797,sll1769,1757295,1712977,2767255,3273273,4086614,Unknown
798,slr1964,1350166,1625896,1307983,915516.,614262.,CytoplasmicMembrane
799,sll0236,669897.,513793.,567359.,406974.,338711.,Cytoplasmic
800,sll0156,229701.,142160.,193206.,172251.,367504.,Periplasmic
801,slr1665,3887413,2054592,1271236,1296982,2653379,Cytoplasmic
802,sll0756,335570.,543489.,254641.,265016.,592818.,CytoplasmicMembrane
803,sll1566,2905266,1974450,3963612,2728791,1316631,Cytoplasmic
804,sll1265,450750.,614135.,614075.,686565.,1037947,Unknown
805,slr1305,671275.,450023.,617897.,549321.,310664.,CytoplasmicMembrane
806,slr0780,1138418,925596.,787256.,885315.,1198317,Cytoplasmic
807,slr1573,1656993,1475048,1278888,879082.,1307506,Cytoplasmic
808,sll0300,100939.,86454.5,149474.,110401.,206068.,Cytoplasmic
809,sll1680,1075562,1043246,1868601,1985221,1368892,Cytoplasmic
810,sll0443,662801.,428689.,931857.,879466.,680600.,Unknown
811,sll0016,818919.,1054204,2107066,2060267,2650989,OuterMembrane
812,slr1940,176338.,655062.,158405.,199125.,258388.,Unknown
813,slr1783,5329633,4680552,5803940,5057780,3450926,Cytoplasmic
814,slr0440,322201.,219405.,448199.,394533.,501036.,Unknown
815,slr1338,546720.,237055.,388201.,322204.,217436.,Unknown
816,sll1454,328542.,434127.,572655.,466899.,764322.,Unknown
817,slr0605,1060080,964648.,948786.,1280845,1269172,Cytoplasmic
818,ssr0335,1108627,1042616,824325.,840839.,703070.,Unknown
819,sll5059,239830.,252537.,151824.,84564.2,150482.,Cytoplasmic
820,slr6049,1516247,1271237,721466.,679557.,2908159,Unknown
821,slr1064,1248144,482918.,1264735,1013305,756222.,Cytoplasmic
822,slr0906,5890201,7791785,1367346,1061767,1220540,CytoplasmicMembrane
823,slr1540,1605895,591743.,472307.,358573.,326628.,Cytoplasmic
824,slr0434,1359177,2520207,1385331,979040.,697414.,Cytoplasmic
825,slr0823,3419359,3695157,4617455,4277532,2678849,Unknown
826,sll0071,460008.,438664.,531737.,376972.,395419.,Cytoplasmic
827,slr1129,3085773,4158275,4260943,4149753,6461535,Cytoplasmic
828,slr0657,1341286,1223419,1871798,2243731,4465913,Cytoplasmic
829,slr0038,1770536,1820477,2023795,1368946,2622489,Unknown
830,slr2088,252714.,969085.,173354.,220091.,191326.,Cytoplasmic
831,slr0923,3383683,4826743,4453341,4566284,707421.,Unknown
832,ssl0294,1247459,1718517,786599.,676913.,1081425,Unknown
833,sll1298,3827392,3745808,2791888,2786810,2754481,Unknown
834,sll1004,113881.,138101.,212473.,231779.,280235.,CytoplasmicMembrane
835,sll0576,1488399,8227016,2023416,2172536,2692743,Cytoplasmic
836,sll0373,906008.,448968.,984209.,761551.,534211.,Unknown
837,slr1841,2585922,4023646,4229887,4318321,1912626,OuterMembrane
838,sll1242,944958.,649034.,1266423,1408151,1055165,Cytoplasmic
839,slr1431,621031.,697209.,924935.,783431.,361406.,Unknown
840,sll2010,443901.,575122.,283743.,198695.,581968.,Cytoplasmic
841,ssl0564,974913.,693748.,671853.,468323.,215081.,Cytoplasmic
842,slr2073,4046549,1966030,1265127,2556472,2285406,Unknown
843,slr0618,144719.,221993.,382908.,363024.,272717.,Cytoplasmic
844,slr1829,383097.,319611.,181115.,129230.,196543.,Cytoplasmic
845,sll1314,6571669,4266359,9501466,9196023,4224692,Periplasmic
846,slr1704,900047.,1327435,1082796,829666.,1141293,CytoplasmicMembrane
847,sll1035,1037387,6582327,1245063,1109182,3136562,Cytoplasmic
848,ssr1766,974540.,682223.,503791.,588954.,651202.,Unknown
849,sll1029,1060350,2286852,2972564,2231386,3526165,Cytoplasmic
850,sll0534,2520538,1773249,2297399,2035815,3782991,Cytoplasmic
851,sll1758,2576030,1773033,2009612,1781705,2195613,Cytoplasmic
852,sll0819,8546307,8731289,4501486,1277828,1112244,CytoplasmicMembrane
853,sll1107,203355.,336721.,216364.,130102.,129521.,CytoplasmicMembrane
854,slr0951,1164385,851625.,943029.,835163.,469602.,Unknown
855,slr7011,175341.,70257.4,97312.3,103370.,112384.,Cytoplasmic
856,sll0495,551714.,472432.,1013920,547640.,943703.,Cytoplasmic
857,sll1272,970817.,943783.,758488.,620890.,2923349,Cytoplasmic
858,slr1942,8532707,8493871,8126000,5291152,5708625,Cytoplasmic
859,ssl5095,317366.,530043.,512479.,732300.,545562.,Unknown
860,sll0553,1484701,1185908,1172976,806066.,1398153,Unknown
861,sll0844,1806110,540353.,444441.,539163.,486854.,Cytoplasmic
862,slr0082,2036858,1292503,1990800,1778809,2582613,Cytoplasmic
863,sll1049,677139.,722978.,1654901,1194370,1761765,Cytoplasmic
864,slr1160,9957855,9222661,1087263,1832430,8028048,Unknown
865,slr1838,2152445,2290631,1621652,1116925,653792.,Unknown
866,sll0519,944460.,1170184,1798837,1560443,1945157,CytoplasmicMembrane
867,slr2130,3540613,2879312,3493591,3150815,4161730,Cytoplasmic
868,sll0173,620513.,1651978,555564.,504852.,339192.,Cytoplasmic
869,slr1865,114677.,181957.,142589.,214893.,249255.,Unknown
870,sll1394,3837932,4751022,6671482,6659074,7220836,Unknown
871,slr2059,453492.,487728.,452236.,434358.,600832.,Unknown
872,sll0998,3802631,3400227,3837975,3615759,4238754,Cytoplasmic
873,sll0007,1988877,1668388,2861231,3127543,3945977,Unknown
874,sll0064,7921804,6113838,4284198,2807359,739036.,Periplasmic
875,slr0065,76526.6,206120.,153283.,71912.4,274386.,Unknown
876,slr1619,2071599,1463874,8701658,8915723,5891703,Cytoplasmic
877,slr1347,3895387,3376694,3261691,3141918,3992651,Cytoplasmic
878,sll1640,508788.,402286.,415361.,330382.,274118.,Cytoplasmic
879,slr0163,1536169,1243948,1303748,1295575,1771189,CytoplasmicMembrane
880,sll0920,2599446,2404682,4109684,3442501,3395488,Cytoplasmic
881,slr0447,661513.,616391.,818149.,773315.,823645.,Cytoplasmic
882,slr1742,731435.,584741.,1007211,785781.,900085.,Cytoplasmic
883,slr0692,959012.,1045670,699849.,504516.,352947.,Cytoplasmic
884,sll6093,5865517,6738272,6386647,7481568,8294681,Cytoplasmic
885,sll1450,504504.,545058.,692215.,509000.,1242600,CytoplasmicMembrane
886,slr0658,1519040,621122.,1669834,1501100,1657254,Cytoplasmic
887,slr1407,703505.,905748.,1140693,1393678,1572080,Unknown
888,sll0750,927102.,785479.,550742.,433143.,487004.,CytoplasmicMembrane
889,ssl0707,3102834,4529463,2784202,3094589,4153161,CytoplasmicMembrane
890,sll1110,1245492,1010886,1306138,1356219,1713201,Cytoplasmic
891,slr0757,287193.,621670.,124317.,128020.,143009.,Cytoplasmic
892,slr1053,2307614,1245249,2188942,2604044,4985421,Cytoplasmic
893,slr0604,157626.,101287.,217418.,217564.,722278.,CytoplasmicMembrane
894,ssl2807,1256787,1794371,2134054,2213031,2994359,Unknown
895,slr1815,1571268,1479706,1465921,1608025,2305590,Cytoplasmic
896,slr0526,225996.,309507.,503969.,605082.,739866.,Unknown
897,slr1674,1430927,1498774,1401812,2220938,1544523,Unknown
898,slr1761,3882981,2774664,3735849,4012999,6155502,Periplasmic
899,sll1224,916550.,677439.,704311.,655713.,488985.,Cytoplasmic
900,sll6060,431391.,313410.,348597.,270537.,273985.,Unknown
901,ssr0332,465229.,2149041,2964917,2784041,3576727,Unknown
902,sll0822,1889442,8487172,2945139,3683027,3946296,Cytoplasmic
903,slr1821,116781.,81655.4,350204.,213552.,513676.,CytoplasmicMembrane
904,slr5126,876929.,797732.,804371.,740228.,430958.,Unknown
905,slr1204,180375.,444619.,261244.,126432.,266175.,Periplasmic
906,sll1908,3848048,4746868,1645174,1545993,1772414,Cytoplasmic
907,sll0301,835300.,370344.,1004414,852488.,669724.,Unknown
908,sll0066,284950.,309987.,407219.,367893.,468416.,CytoplasmicMembrane
909,slr1260,1660156,1350761,1937139,2135260,2740810,Unknown
910,slr1356,5879484,4985787,8096398,6499686,4532466,Cytoplasmic
911,sll1395,340878.,186078.,439913.,454099.,615840.,Cytoplasmic
912,sll1507,301827.,336961.,375286.,361595.,789465.,Unknown
913,slr0058,3744706,4124953,3560741,3865201,2301232,Unknown
914,sll1021,1096390,1304950,1322566,776190.,845680.,CytoplasmicMembrane
915,sll0910,179439.,902157.,661096.,832723.,457860.,Cytoplasmic
916,slr0645,976845.,1349883,621006.,407698.,451122.,Unknown
917,sll1931,8355479,8503801,9338527,8756991,5166953,Cytoplasmic
918,slr1272,120898.,211771.,76887.1,99476.4,190734.,Unknown
919,slr1474,158366.,144582.,157181.,131619.,222707.,Cytoplasmic
920,slr5023,1273904,1289272,846994.,686395.,483974.,Cytoplasmic
921,slr0582,306554.,187694.,172820.,109515.,215435.,CytoplasmicMembrane
922,ssr1041,2454644,9121844,3527078,6817205,5861024,Unknown
923,slr0066,164069.,211281.,161787.,108216.,183735.,Cytoplasmic
924,sll1524,3641433,2084455,2822972,2821546,619939.,Cytoplasmic
925,sll0033,1366584,992727.,1439544,1136584,508571.,Cytoplasmic
926,slr1110,595675.,539125.,317575.,382050.,327304.,CytoplasmicMembrane
927,sll0517,477029.,801114.,1198678,2372614,995822.,Unknown
928,sll0163,387015.,209508.,243518.,181779.,445782.,CytoplasmicMembrane
929,slr1566,190733.,294787.,416560.,441626.,322393.,CytoplasmicMembrane
930,sll1234,1247988,1483437,5888963,8676842,4492539,Cytoplasmic
931,slr0110,3237704,3425900,4192380,4980494,4016828,Cytoplasmic
932,sll1679,1849863,1569888,1556868,1545721,1258516,Periplasmic
933,slr1729,277664.,203982.,220851.,165779.,642629.,CytoplasmicMembrane
934,ssl2138,482631.,1160426,666476.,888591.,652204.,Unknown
935,slr0603,364309.,299571.,191941.,198416.,214666.,Cytoplasmic
936,sll1316,1559171,2428433,3024439,3606842,3535332,CytoplasmicMembrane
937,ssl3829,247633.,78213.6,250715.,198552.,368982.,Unknown
938,slr0116,596951.,498299.,1127084,846064.,747873.,Cytoplasmic
939,slr1772,1884730,1458986,1908243,1658026,1623287,Unknown
940,ssr2998,1031995,1038844,7734740,3531174,1212691,Unknown
941,sll1367,973666.,537789.,874090.,759461.,820651.,Cytoplasmic
942,sll0810,3811344,3980726,866008.,2881282,2499003,Cytoplasmic
943,slr0907,5054086,4394538,5918618,4422289,6898384,Cytoplasmic
944,slr0787,63524.4,65687.6,88826.6,73530.5,132057.,Cytoplasmic
945,sll0945,3806549,3976736,6994038,7214879,6398833,Cytoplasmic
946,sll1538,609708.,413773.,710368.,549720.,638227.,Cytoplasmic
947,sll0923,1851110,1202008,1693185,1484170,1749147,CytoplasmicMembrane
948,sll0209,461663.,548882.,166701.,187270.,202914.,Cytoplasmic
949,sll5034,569090.,944725.,680763.,789730.,442170.,Unknown
950,slr1411,514211.,425524.,523005.,436483.,559761.,Cytoplasmic
951,sll0501,320485.,329489.,325088.,301793.,469897.,CytoplasmicMembrane
952,slr0406,173811.,309187.,184847.,172391.,243421.,Cytoplasmic
953,ssl1762,1533001,1665418,1572260,1204261,1694583,Unknown
954,ssr2551,2911564,1838026,1348214,1073310,2775193,Unknown
955,sll0736,248015.,328460.,195715.,230375.,151140.,Unknown
956,sll1028,9457934,1915292,7841956,7822310,6778672,Cytoplasmic
957,sll1612,386659.,360445.,456868.,385657.,470475.,Cytoplasmic
958,sll1894,675896.,453750.,383176.,439218.,540357.,Cytoplasmic
959,slr1409,1874204,2970588,1408068,1478196,1790423,Unknown
960,sll1816,619242.,1021393,176983.,261921.,119547.,Cytoplasmic
961,slr0922,692169.,456677.,722700.,736163.,1017951,Cytoplasmic
962,sll1508,1728543,1327378,1644179,1464498,1487946,Cytoplasmic
963,slr0369,2661273,1881113,2423568,1858141,2112138,CytoplasmicMembrane
964,slr1692,189581.,157668.,306595.,214498.,151096.,CytoplasmicMembrane
965,slr1958,2616429,1818479,1776874,1593715,2020449,Unknown
966,sll0487,1127118,1196424,1896115,1753647,1503161,Cytoplasmic
967,slr1727,1142043,1169134,1476955,1304837,2080541,CytoplasmicMembrane
968,slr1224,5902666,4705256,8103826,3979783,3389676,CytoplasmicMembrane
969,sll0507,229360.,301710.,487477.,363597.,350791.,CytoplasmicMembrane
970,sll1775,1194081,1701261,3102261,2817510,1405678,Unknown
971,sll0569,1153826,814256.,1374576,1016527,1840792,Cytoplasmic
972,slr1780,2609648,2289348,1562329,3082168,3455919,Unknown
973,slr2070,603993.,1369293,598795.,609417.,753264.,Unknown
974,slr5118,6264023,6185796,7334628,1166951,4931063,Cytoplasmic
975,slr1777,160085.,375496.,182899.,178246.,499815.,Cytoplasmic
976,sll5080,1471187,1201502,1223276,1090182,1002690,Cytoplasmic
977,sll1423,615733.,639882.,342558.,544072.,197912.,Cytoplasmic
978,sll1521,756154.,735430.,576171.,481060.,456396.,Cytoplasmic
979,slr0148,1101108,1446002,1084015,1072365,2069886,Cytoplasmic
980,slr1857,515181.,562140.,1311145,1612965,1509316,Cytoplasmic
981,slr0536,7018559,6732519,4186956,4650918,1737477,Cytoplasmic
982,sll1241,381226.,208037.,508284.,561364.,519031.,Cytoplasmic
983,sll1432,128783.,84559.8,252593.,121092.,121790.,Cytoplasmic
984,slr1800,394449.,306762.,1060145,1484679,1431891,Cytoplasmic
985,sll1559,3596051,3454671,2540805,3547110,2197392,Cytoplasmic
986,sll0752,279015.,589006.,515518.,549445.,690550.,Unknown
987,sll0006,3426242,2398273,2576816,1676476,2622521,Cytoplasmic
988,slr1173,272710.,271676.,479399.,382329.,190430.,Unknown
989,sll1620,6120602,6634679,2458329,5091031,2651723,Unknown
990,slr0451,208435.,147382.,130060.,150977.,202543.,Cytoplasmic
991,sll0359,2207157,2908684,909170.,1372605,1344564,Cytoplasmic
992,sll0154,771708.,619822.,1013558,1013052,1467071,CytoplasmicMembrane
993,slr0457,551689.,549584.,618211.,416553.,373808.,Cytoplasmic
994,slr1274,6820575,4038428,3279994,3005113,3956091,Cytoplasmic
995,slr7012,341173.,295846.,414461.,276670.,173985.,Unknown
996,slr0839,1689042,1088643,1820640,1303376,1702867,Cytoplasmic
997,slr0520,1944685,1158001,1350941,386653.,1593962,Cytoplasmic
998,ssl2384,2904699,2381632,3251000,2635468,1119022,Unknown
999,slr0600,5435844,4398053,3944403,4519984,5511105,Cytoplasmic
1000,sll0455,1479731,1507985,1786217,1527836,1788205,Cytoplasmic
1001,slr1312,1812167,1716668,2423292,1206932,1396217,Unknown
1002,sll0631,590985.,353986.,499978.,406163.,654618.,Cytoplasmic
1003,sll1636,160889.,237295.,479340.,309925.,460407.,Cytoplasmic
1004,sll1418,5118206,4690649,5079201,4174165,5196000,Unknown
1005,slr0877,3047072,3245705,2221420,1759646,2739375,Cytoplasmic
1006,slr1377,2296010,1789166,2670348,2502924,1799329,CytoplasmicMembrane
1007,sll0638,913344.,212936.,998516.,846912.,477355.,Unknown
1008,slr1044,401013.,198933.,372163.,291647.,294984.,Unknown
1009,sll1900,318366.,136728.,253543.,259832.,292969.,Cytoplasmic
1010,slr0844,3235830,2734078,2472054,2763207,3642427,CytoplasmicMembrane
1011,sll0456,270630.,320105.,517625.,309248.,312391.,Cytoplasmic
1012,slr1418,299300.,182009.,391224.,525942.,572681.,CytoplasmicMembrane
1013,sll0205,174723.,173659.,88665.3,85562.5,275508.,Unknown
1014,slr1218,941411.,874457.,1205931,1168649,841066.,Unknown
1015,sll0947,377195.,297626.,566104.,285662.,289698.,Cytoplasmic
1016,slr1194,2534395,1931663,2242964,1893728,1918036,Cytoplasmic
1017,sll1424,684533.,2399554,2355282,5985782,2192199,CytoplasmicMembrane
1018,sll1005,250690.,229798.,280316.,304392.,297496.,Unknown
1019,sll1186,74442.7,181815.,342898.,299024.,359179.,Cytoplasmic
1020,slr0611,2724502,2566393,3160001,1374949,1480379,Cytoplasmic
1021,slr1993,470151.,531488.,1033370,887246.,715822.,Cytoplasmic
1022,sll0837,1212654,1291023,1369019,1513117,1626436,Unknown
1023,sll0873,760807.,845091.,605495.,439912.,409135.,Cytoplasmic
1024,slr1510,2369642,1911398,2474983,2406336,2179367,Cytoplasmic
1025,slr6095,994431.,441151.,654738.,781162.,740507.,Cytoplasmic
1026,sll1109,4740325,4596706,3309748,4014053,5437416,Cytoplasmic
1027,sll1673,502673.,301490.,479076.,420355.,396357.,Cytoplasmic
1028,slr5088,211254.,181717.,158729.,113411.,210552.,Cytoplasmic
1029,slr0771,455659.,299352.,529138.,593507.,655400.,Unknown
1030,slr7013,282139.,261910.,206485.,153661.,239154.,Unknown
1031,slr0586,858579.,751451.,747770.,1156268,187875.,Cytoplasmic
1032,sll1308,209581.,487019.,812898.,684721.,506774.,Cytoplasmic
1033,slr1208,1457666,1046086,1122560,953897.,808305.,Cytoplasmic
1034,slr1644,201671.,453259.,193209.,345372.,531428.,Unknown
1035,sll0602,1669592,1216788,1620102,1428593,1838561,Cytoplasmic
1036,sll0461,1090330,854869.,1586022,1160090,1389044,Cytoplasmic
1037,slr0267,168870.,169559.,233737.,232618.,139406.,Cytoplasmic
1038,slr0333,1416863,1670739,1186514,1529541,898508.,Unknown
1039,slr1853,1954695,1897529,2219199,1961122,1765075,Unknown
1040,slr0211,139332.,98420.0,186506.,140545.,134584.,Cytoplasmic
1041,sll0335,1774541,1147728,1946589,1562345,1309159,Cytoplasmic
1042,sll0260,102104.,150767.,97805.7,80464.3,160494.,CytoplasmicMembrane
1043,sll1830,5075615,5089144,4756232,3480307,3480271,Cytoplasmic
1044,slr0795,198870.,147058.,333797.,252431.,167132.,CytoplasmicMembrane
1045,slr0074,486882.,980038.,454013.,582273.,749262.,Unknown
1046,sll0322,125481.,168962.,180826.,89315.7,279077.,Cytoplasmic
1047,sll1023,323570.,682257.,484984.,396783.,415506.,Unknown
1048,sll0068,320976.,265143.,392319.,273068.,345283.,CytoplasmicMembrane
1049,sll0767,3061994,7151131,2608189,2885009,8947823,Cytoplasmic
1050,slr1830,292038.,280150.,157404.,228027.,571318.,Cytoplasmic
1051,slr1516,8069869,2200649,4973217,6110625,1312677,Periplasmic
1052,slr0842,160933.,207813.,283226.,145371.,178317.,CytoplasmicMembrane
1053,sll0147,599017.,503181.,755758.,710632.,763338.,CytoplasmicMembrane
1054,sll1542,1059970,793639.,1137845,811528.,1113104,Cytoplasmic
1055,slr9101,439138.,363408.,432566.,356267.,269732.,Cytoplasmic
1056,slr0008,387674.,1003529,259025.,304150.,313600.,CytoplasmicMembrane
1057,sll1498,2122761,1633591,2048292,2185877,3342568,Cytoplasmic
1058,slr1609,1424380,1494905,1068898,1024640,1529814,Cytoplasmic
1059,slr0755,2018388,1534468,1732494,1805138,2035045,Unknown
1060,sll0807,7080810,6658589,7532381,7912338,8672761,Cytoplasmic
1061,slr0181,107639.,124426.,140635.,141131.,177571.,Unknown
1062,slr1924,1134846,874630.,866627.,932871.,440438.,Periplasmic
1063,sll0911,1569653,1133707,1164599,1185664,1497041,Unknown
1064,sll0877,581411.,418179.,375872.,330192.,391085.,Unknown
1065,slr0149,779720.,728302.,1229221,505633.,731700.,Cytoplasmic
1066,slr0902,1025358,938908.,901089.,951376.,1243731,Unknown
1067,sll0320,7689366,5417622,6589819,9752642,973695.,Cytoplasmic
1068,sll1218,399902.,810612.,276343.,222965.,548957.,Unknown
1069,sll1848,101130.,175792.,136325.,113717.,229865.,Cytoplasmic
1070,ssl2595,173272.,246976.,113306.,68832.2,204528.,Unknown
1071,slr0871,628996.,505997.,200833.,240739.,177656.,Unknown
1072,sll1676,291847.,459600.,365582.,337560.,622220.,Cytoplasmic
1073,sll1330,61843.4,104724.,80485.3,104063.,210468.,Cytoplasmic
1074,slr1537,1219912,745734.,1506502,1323459,1200273,Unknown
1075,slr1495,237826.,130474.,225384.,192204.,391313.,CytoplasmicMembrane
1076,slr0583,1520454,1962820,1016330,1145377,1097059,Cytoplasmic
1077,sll0069,1839360,1293132,1225788,1022447,988594.,Unknown
1078,slr1424,698499.,278173.,996083.,801370.,665220.,Cytoplasmic
1079,slr0300,139311.,303368.,417021.,752585.,887053.,Unknown
1080,sll1491,2270243,2204403,1736621,2079420,1525803,CytoplasmicMembrane
1081,slr1938,835373.,947883.,457150.,405447.,227192.,Cytoplasmic
1082,sll0723,297711.,292383.,710514.,577939.,257277.,Extracellular
1083,ssr0693,538954.,814102.,483562.,526664.,192328.,Unknown
1084,sll1635,318513.,221510.,186841.,198138.,256290.,Cytoplasmic
1085,sll0158,7837441,6717549,9155824,7641295,8752561,Cytoplasmic
1086,slr0502,465992.,452354.,562330.,480964.,597862.,Cytoplasmic
1087,slr1067,7916660,9483670,2368084,2289507,2355775,Cytoplasmic
1088,sll1902,274222.,378987.,176271.,262872.,199996.,Cytoplasmic
1089,slr0707,921565.,805565.,1279219,1300323,1026664,Cytoplasmic
1090,sll0891,2275663,1578709,2173724,2084917,2284571,Cytoplasmic
1091,ssr9004,294542.,397245.,152932.,258716.,236569.,Unknown
1092,slr0220,7638502,6256181,5885705,9006333,8525772,Cytoplasmic
1093,sll1750,1089313,1222345,1103801,869535.,1330683,Cytoplasmic
1094,ssl8008,1149153,990806.,538349.,499077.,525903.,Unknown
1095,sll1222,481540.,303026.,395470.,351470.,224742.,Cytoplasmic
1096,ssl0832,1795237,881259.,620457.,724943.,364743.,Unknown
1097,slr1890,770274.,1483251,651838.,590571.,1611796,Cytoplasmic
1098,sll1425,2868535,1613372,1992160,2024715,1190095,Cytoplasmic
1099,sll1796,194391.,186989.,167724.,147835.,259765.,Periplasmic
1100,sll0936,1230720,925320.,840712.,854975.,1115094,Cytoplasmic
1101,slr1887,1195301,2599405,1505791,1650261,3758409,Cytoplasmic
1102,slr0838,984406.,1385077,843493.,636378.,922325.,Cytoplasmic
1103,slr0723,542999.,446250.,368545.,321882.,406531.,Cytoplasmic
1104,slr1534,144567.,332673.,118967.,110766.,186713.,Cytoplasmic
1105,sll1209,1255315,949210.,1051757,964605.,946090.,Cytoplasmic
1106,slr1604,1401074,1253021,1158810,1407334,1056206,CytoplasmicMembrane
1107,slr1656,175247.,482351.,197621.,187041.,202380.,CytoplasmicMembrane
1108,slr0974,2301929,2558690,2492554,2565052,1610636,Cytoplasmic
1109,slr1795,141498.,159114.,303880.,158694.,276970.,Unknown
1110,sll1532,560249.,375192.,957135.,778541.,810367.,Unknown
1111,slr0938,1278568,1102032,1529986,1068717,1180955,Unknown
1112,sll0647,345662.,357197.,610011.,513965.,905497.,Cytoplasmic
1113,sll1697,489001.,352551.,622319.,644824.,555074.,Cytoplasmic
1114,slr5127,386963.,306072.,257514.,145865.,487227.,Unknown
1115,slr0067,650047.,523452.,948272.,792648.,1281268,CytoplasmicMembrane
1116,slr1117,332965.,245191.,201502.,246900.,414892.,Cytoplasmic
1117,sll0467,847602.,985837.,910282.,799572.,624872.,Cytoplasmic
1118,slr0678,1272797,1437894,2795134,4089717,1765756,Unknown
1119,slr1691,142396.,198867.,128617.,123786.,146385.,Cytoplasmic
1120,sll0041,659570.,634861.,588746.,202502.,365850.,CytoplasmicMembrane
1121,sll0644,191765.,181842.,213957.,214557.,242462.,Cytoplasmic
1122,sll0505,242347.,170296.,206575.,201331.,306604.,CytoplasmicMembrane
1123,sll0815,100710.,93110.7,196060.,144552.,242126.,Unknown
1124,sll1805,2935423,6055307,2877906,3025173,2943655,Cytoplasmic
1125,sll0199,1063496,4909064,687862.,921254.,930098.,Periplasmic
1126,sll0226,321754.,949967.,217390.,499158.,317053.,CytoplasmicMembrane
1127,sll1784,1897460,2492258,2066085,1805871,1674932,Unknown
1128,sll1911,224642.,248462.,291871.,254721.,484857.,Unknown
1129,sll0502,669739.,685782.,770110.,487637.,845647.,Cytoplasmic
1130,sll1253,182575.,169555.,152173.,145284.,85090.2,Unknown
1131,sll1325,635169.,888626.,908208.,731268.,1584038,CytoplasmicMembrane
1132,sll1360,81675.7,80724.0,173206.,186744.,179775.,Unknown
1133,slr1471,1902937,1528905,1895713,1777079,1755856,CytoplasmicMembrane
1134,sll1276,259319.,106237.,140960.,121644.,156985.,CytoplasmicMembrane
1135,slr1740,1206817,882627.,1423910,1114523,1153462,Periplasmic
1136,slr1133,136040.,204928.,158587.,125006.,290752.,Cytoplasmic
1137,slr0619,538793.,561681.,589173.,619147.,739126.,Cytoplasmic
1138,ssr6048,387080.,288520.,621371.,629026.,365623.,Unknown
1139,sll1537,3127431,2687466,2573365,2706070,3868772,Cytoplasmic
1140,slr0115,1308453,1333964,1492395,1331165,1730907,Cytoplasmic
1141,sll0263,350669.,217871.,550301.,437883.,243574.,Unknown
1142,sll1841,1823993,2821154,917656.,1509289,2225206,Cytoplasmic
1143,slr1236,1175264,1096330,1323889,1390667,977685.,Unknown
1144,slr0954,211081.,237545.,218535.,169703.,333082.,Unknown
1145,sll0144,4140103,3824666,6261444,6186808,2640176,Cytoplasmic
1146,sll0601,1474073,995884.,1404165,1031914,884765.,Cytoplasmic
1147,sll1817,6647109,7873868,8389663,9991747,6386087,Cytoplasmic
1148,slr0929,1747506,1509561,1051220,1260882,929879.,Unknown
1149,slr1434,2466444,1600023,3090545,3053916,2515219,CytoplasmicMembrane
1150,sll0578,1675944,2623023,3529599,2428364,2633149,CytoplasmicMembrane
1151,slr1271,313432.,364032.,370867.,351841.,448058.,Unknown
1152,slr2048,525683.,606573.,806550.,969044.,690145.,OuterMembrane
1153,slr0021,351539.,363287.,394038.,325211.,223215.,CytoplasmicMembrane
1154,ssr3122,3679177,3514809,4139883,5534163,5538493,Unknown
1155,sll0382,2100842,682100.,715597.,300950.,412162.,Unknown
1156,ssl2084,2740351,3061576,2519779,2953730,2424044,Cytoplasmic
1157,sll1546,524853.,502007.,623362.,618040.,616310.,Cytoplasmic
1158,slr0969,514486.,456355.,431801.,408508.,425219.,Cytoplasmic
1159,slr0590,383995.,270812.,423489.,407384.,376731.,Cytoplasmic
1160,slr1590,5640748,4777342,5240273,5085408,3168349,Unknown
1161,sll1714,489674.,821420.,557384.,699311.,693269.,Unknown
1162,sll0640,379349.,439283.,478469.,389494.,456107.,CytoplasmicMembrane
1163,slr1090,385450.,288595.,280870.,221878.,289074.,Cytoplasmic
1164,sll1396,238223.,216423.,154743.,201009.,112684.,Unknown
1165,slr1324,211182.,200013.,196526.,214124.,145925.,CytoplasmicMembrane
1166,slr1623,2633620,2268273,2728645,3083733,3148680,Cytoplasmic
1167,slr1301,2414333,1752810,2325005,2075603,2713568,Cytoplasmic
1168,slr0594,227078.,123350.,181351.,109272.,200990.,CytoplasmicMembrane
1169,slr1852,3799242,4780547,6175276,4930041,5435394,Cytoplasmic
1170,sll0996,458969.,312751.,439829.,372051.,572533.,Cytoplasmic
1171,sll1398,5816668,6613602,7237711,7206236,5253405,CytoplasmicMembrane
1172,sll1762,7786253,8446244,9297854,8148576,7566842,Periplasmic
1173,slr0001,6578929,6750647,4616679,4732809,5321540,Unknown
1174,sll1484,770698.,596567.,817999.,628244.,874901.,CytoplasmicMembrane
1175,slr1302,884585.,706043.,994282.,568101.,965025.,Unknown
1176,ssr2061,110343.,205878.,162274.,143952.,125722.,Unknown
1177,sll0098,392890.,275306.,412133.,435185.,343595.,Cytoplasmic
1178,slr0427,1617292,1233590,1355023,1392656,1158106,Cytoplasmic
1179,sll1440,423720.,314982.,335319.,187057.,343506.,Cytoplasmic
1180,slr0151,1342789,944806.,946048.,579864.,992724.,Unknown
1181,slr1909,802984.,739377.,437512.,278994.,232337.,Cytoplasmic
1182,sll0854,7312977,3714716,1882631,713412.,5279976,Unknown
1183,slr0378,354067.,255735.,231161.,291465.,361104.,Unknown
1184,slr0242,534561.,775820.,496346.,470168.,465286.,Unknown
1185,slr1521,183603.,299280.,122706.,356893.,564768.,Cytoplasmic
1186,sll0102,685958.,560522.,851085.,655262.,1027862,Cytoplasmic
1187,sll1638,4434391,3993062,4382426,3809515,4511554,Unknown
1188,slr1243,508879.,579093.,642827.,413456.,795198.,Cytoplasmic
1189,sll0037,171855.,164607.,269113.,263143.,198685.,Cytoplasmic
1190,sll0410,202022.,187396.,251726.,195331.,212407.,Cytoplasmic
1191,slr0033,5527246,4553583,4368260,5476918,5064028,Cytoplasmic
1192,slr0727,91449.3,62042.7,60567.6,51003.4,75428.6,Cytoplasmic
1193,slr1139,7678855,7390856,7368721,7255999,4347241,Cytoplasmic
1194,slr1773,145986.,102631.,125407.,103481.,190577.,Unknown
1195,slr1263,801552.,913781.,888785.,1083871,1668638,Unknown
1196,slr1087,212098.,216443.,156549.,133519.,161433.,CytoplasmicMembrane
1197,slr0354,113718.,219977.,155100.,137905.,171804.,CytoplasmicMembrane
1198,sll0838,999775.,796835.,871775.,827308.,777056.,Cytoplasmic
1199,slr7061,591643.,363696.,484105.,405838.,383100.,Cytoplasmic
1200,sll1284,447054.,524790.,549023.,440028.,827660.,CytoplasmicMembrane
1201,sll1744,7237928,1137653,6329170,8179846,8309571,Cytoplasmic
1202,ssr5009,701395.,837131.,990336.,1107699,1449394,Unknown
1203,sll0183,329585.,324307.,324410.,279951.,256024.,Extracellular
1204,slr0825,512559.,180872.,197467.,121838.,554822.,Cytoplasmic
1205,slr1416,1988730,1832171,1827212,1662253,1556787,Cytoplasmic
1206,slr1254,6956129,2371154,7542896,6336491,5168526,Unknown
1207,slr0952,223510.,403131.,349532.,278199.,460858.,Cytoplasmic
1208,slr2103,125510.,181462.,164400.,151934.,194722.,Unknown
1209,sll1098,720916.,1268330,698195.,661740.,1143868,Cytoplasmic
1210,slr0699,1870463,1203475,1402642,2043519,1541074,Unknown
1211,slr0186,1143836,1104981,1687732,1290199,1715871,Cytoplasmic
1212,slr0015,2073467,1956413,1873094,1430711,1691506,Cytoplasmic
1213,slr2018,475368.,604396.,437206.,387777.,514135.,Unknown
1214,slr2053,417706.,551808.,953537.,575303.,881983.,Periplasmic
1215,sll1501,107545.,90232.5,188972.,142554.,185330.,Cytoplasmic
1216,sll1981,2905887,2490411,3113008,1729444,2680706,Cytoplasmic
1217,slr0883,267330.,288861.,303253.,271683.,231839.,CytoplasmicMembrane
1218,slr0216,513307.,409811.,469770.,444575.,510615.,Cytoplasmic
1219,sll0603,245203.,232718.,171320.,184397.,224572.,Unknown
1220,slr0070,549676.,310322.,533618.,486897.,524545.,Unknown
1221,slr0325,178011.,199716.,155604.,106853.,182499.,Unknown
1222,sll0377,459017.,366260.,559030.,462137.,590186.,Cytoplasmic
1223,sll1634,523503.,490145.,621777.,528960.,524680.,Cytoplasmic
1224,sll1739,219736.,189850.,179231.,165523.,372740.,Cytoplasmic
1225,sll1205,105558.,159009.,350238.,245719.,337151.,Cytoplasmic
1226,slr1706,206910.,173851.,149705.,117658.,195946.,Cytoplasmic
1227,ssr1114,771667.,647376.,555583.,770953.,940695.,Cytoplasmic
1228,slr0591,7243450,6173634,3181497,7320902,5964920,Cytoplasmic
1229,slr1694,353275.,835080.,221944.,443746.,652300.,Cytoplasmic
1230,sll1129,112455.,178556.,162443.,136437.,161050.,Unknown
1231,slr1639,277105.,243575.,347023.,377461.,221254.,Cytoplasmic
1232,ssl3580,73320.9,101747.,59045.6,67190.6,141479.,Unknown
1233,slr1507,1037701,1302604,855462.,1147280,891857.,Cytoplasmic
1234,sll2015,223711.,279719.,255703.,395892.,135533.,Cytoplasmic
1235,sll5033,1220021,1217240,888828.,1205879,1043793,Unknown
1236,slr2144,1006048,1046450,9875546,9901963,9505904,Unknown
1237,sll1059,3272217,2429119,2606296,2710401,1973046,Cytoplasmic
1238,sll0002,170050.,126441.,105575.,176549.,189717.,CytoplasmicMembrane
1239,sll0737,168370.,109416.,127130.,122524.,159453.,CytoplasmicMembrane
1240,sll1322,2720554,2303283,1774237,1465777,2150948,CytoplasmicMembrane
1241,slr0018,171008.,137159.,365420.,152069.,282880.,Cytoplasmic
1242,slr0051,1792340,1498772,1289087,1159194,1020591,Cytoplasmic
1243,sll1563,152424.,166187.,184494.,101826.,123719.,Unknown
1244,slr0162,556888.,478545.,298633.,268655.,394136.,CytoplasmicMembrane
1245,sll1470,1131070,956685.,1089128,941136.,785226.,Cytoplasmic
1246,sll1273,6417434,2181197,392546.,343194.,831443.,Cytoplasmic
1247,slr0099,130169.,209659.,365409.,189966.,88588.1,Cytoplasmic
1248,slr0454,67347.2,83351.0,82399.5,89130.3,166472.,CytoplasmicMembrane
1249,sll1527,268978.,389140.,539513.,447970.,491804.,Cytoplasmic
1250,slr0400,417806.,344132.,419672.,301918.,329336.,Cytoplasmic
1251,slr0483,1126456,8377990,7749364,8619894,2274975,CytoplasmicMembrane
1252,sll0182,454867.,494597.,499055.,435900.,633885.,CytoplasmicMembrane
1253,sll1062,721239.,797570.,262442.,341381.,312569.,Unknown
1254,slr1251,2154152,2293148,2323829,2563110,1879321,Cytoplasmic
1255,slr0229,735612.,805864.,590918.,504443.,487671.,Cytoplasmic
1256,ssl2233,3256603,3198284,3556432,3677477,3257486,Cytoplasmic
1257,slr1395,661051.,501569.,595434.,472082.,595329.,CytoplasmicMembrane
1258,slr0120,126636.,128100.,194658.,190973.,130304.,Cytoplasmic
1259,sll0067,2811107,2213461,2903612,2620902,3066747,Cytoplasmic
1260,slr1228,2612986,2383888,1668509,1346855,1188615,Cytoplasmic
1261,slr0623,5194736,5622440,5964885,6571927,5661398,Cytoplasmic
1262,slr0710,254142.,172507.,313395.,245934.,143944.,Cytoplasmic
1263,sll0943,155134.,130791.,164186.,141508.,109469.,Unknown
1264,sll1592,302445.,318118.,424711.,384196.,342038.,Cytoplasmic
1265,slr0291,179162.,221913.,302313.,361251.,149327.,Cytoplasmic
1266,sll0274,145423.,122328.,107181.,111860.,153982.,Extracellular
1267,slr0863,520774.,444573.,506592.,538132.,574314.,Cytoplasmic
1268,slr1697,514259.,525443.,447659.,426354.,408440.,CytoplasmicMembrane
1269,slr2111,185429.,145826.,163616.,156485.,302123.,Unknown
1270,slr1213,147442.,160671.,231438.,146143.,99663.2,Cytoplasmic
1271,sll0898,89399.8,158609.,114848.,75108.1,54769.3,Cytoplasmic
1272,slr2081,261700.,220129.,266516.,218588.,216354.,Unknown
1273,slr1205,7453251,6317775,7365706,8163727,7179592,Unknown
1274,slr1051,1395971,715494.,1167165,1278989,1156315,CytoplasmicMembrane
1275,sll1369,455820.,451220.,386440.,432246.,390081.,Periplasmic
1276,slr1124,2575025,2860621,2704209,2610324,2356676,Cytoplasmic
1277,slr1334,341665.,331996.,228740.,314683.,280804.,Cytoplasmic
1278,slr1098,218036.,532539.,330919.,272641.,566964.,Cytoplasmic
1279,sll1217,1042961,884544.,1020473,938156.,895930.,Cytoplasmic
1280,slr1746,333937.,129282.,209412.,115021.,156432.,Cytoplasmic
1281,slr2015,420484.,477869.,425628.,396738.,482027.,Unknown
1282,sll0053,1309351,1084602,1431073,1190694,1570582,Cytoplasmic
1283,slr5012,77809.4,106774.,88736.9,111523.,102631.,Unknown
1284,sll5035,304800.,264924.,299806.,389852.,207693.,Unknown
1285,sll0630,1093220,841751.,875375.,806815.,753552.,Unknown
1286,slr0640,102144.,106246.,134852.,126925.,79417.4,CytoplasmicMembrane
1287,slr1493,334272.,305152.,470653.,696836.,308093.,Unknown
1288,sll1400,173861.,241493.,154575.,80009.6,245384.,Unknown
1289,ssr1399,1049509,1905447,1716015,1092131,1580655,Cytoplasmic
1290,sll1815,1006592,1168048,1024374,1191348,1487064,Cytoplasmic
1291,slr0708,737562.,712598.,782694.,946280.,434800.,CytoplasmicMembrane
1292,sll1433,230099.,150731.,136574.,137871.,116811.,CytoplasmicMembrane
1293,slr1102,223469.,250948.,405702.,394297.,233731.,CytoplasmicMembrane
1294,sll0415,1181911,648911.,463875.,754675.,727776.,CytoplasmicMembrane
1295,slr0086,399441.,426331.,315555.,316133.,457653.,Cytoplasmic
1296,slr0251,249636.,360861.,168663.,169370.,199654.,CytoplasmicMembrane
1297,slr1212,171252.,210125.,258543.,274429.,222935.,CytoplasmicMembrane
1298,sll1694,1522122,846585.,769170.,644819.,1292119,CytoplasmicMembrane
1299,slr2035,197029.,212745.,260732.,254639.,160017.,Cytoplasmic
1300,sll1961,1833266,990223.,1170743,1210612,1679447,Cytoplasmic
1301,slr1066,1564423,1509733,1400778,1464433,1841242,Cytoplasmic
1302,slr1063,412868.,286095.,290146.,437704.,498453.,Cytoplasmic
1303,slr1657,1270322,1050959,1325628,863890.,916385.,Cytoplasmic
1304,slr0023,1155416,1275409,1576014,1125352,1517770,Cytoplasmic
1305,slr1235,186656.,217574.,214761.,220763.,191847.,Unknown
1306,sll0925,386630.,275364.,410608.,428463.,492606.,Cytoplasmic
1307,sll5048,103596.,229582.,107647.,84204.3,130704.,Cytoplasmic
1308,sll1776,145469.,215783.,174516.,256125.,154709.,Cytoplasmic
1309,sll0509,424872.,322882.,336609.,296393.,357517.,Cytoplasmic
1310,slr1275,1414853,1050826,1084799,1214577,654025.,Unknown
1311,slr1648,1011180,889335.,1082925,1043893,817544.,Unknown
1312,slr1791,2886816,2941591,3500481,3188240,2693774,Cytoplasmic
1313,slr1276,2560070,2279520,2000916,2299303,2256398,Unknown
1314,slr1979,150465.,238750.,132821.,157452.,261516.,Cytoplasmic
1315,slr0864,308348.,383330.,401377.,448001.,283505.,Cytoplasmic
1316,slr0981,50737.3,82965.8,55990.5,81536.4,72097.3,Unknown
1317,sll0184,155993.,148330.,126335.,120319.,205939.,Cytoplasmic
1318,sll0244,496437.,756476.,722047.,505890.,316116.,Cytoplasmic
1319,sll1785,9904326,7787265,8903930,7914199,6231789,Unknown
1320,sll0398,105605.,79770.3,88880.7,86527.4,70397.3,Cytoplasmic
1321,sll1633,2833226,3559275,2112233,2267253,1950070,Cytoplasmic
1322,sll0459,218351.,186166.,275128.,315276.,225633.,Cytoplasmic
1323,slr0111,2708693,2612431,2838226,2639173,2253465,Unknown
1324,sll0172,7606420,7512567,6931047,6615419,6822793,Unknown
1325,sll0565,315130.,253847.,289230.,257072.,219699.,Unknown
1326,slr1256,825116.,1677244,757494.,1094977,808427.,Cytoplasmic
1327,slr1349,4905238,4110916,4490796,5689598,5132510,Cytoplasmic
1328,sll1212,4289791,3642843,4759796,4750733,4425891,Cytoplasmic
1329,slr1390,616238.,482205.,665320.,707488.,469996.,CytoplasmicMembrane
1330,sll1771,646094.,868057.,779561.,837227.,1089309,Cytoplasmic
1331,slr1598,190275.,150429.,194862.,200558.,218834.,Cytoplasmic
1332,slr0118,2353248,2127561,1925818,1370250,1615863,Cytoplasmic
1333,slr0651,2074994,1917174,2099671,1760624,1613051,Cytoplasmic
1334,slr1583,101432.,123800.,71483.5,80614.0,131122.,Cytoplasmic
1335,slr1843,8757422,8007179,9295472,6043913,8587484,Cytoplasmic
1336,sll1317,1039951,1045899,1237732,1197090,1703029,Unknown
1337,slr0958,658231.,559192.,879812.,807663.,748457.,Cytoplasmic
1338,slr1322,397427.,448127.,478787.,436260.,571417.,Unknown
1339,sll0899,305470.,134515.,205344.,168451.,254520.,Cytoplasmic
1340,slr1225,482662.,603627.,528256.,389928.,458758.,CytoplasmicMembrane
1341,slr0525,2949211,2473042,3327985,3067262,3741363,Unknown
1342,sll0441,794560.,1010956,1063671,954599.,824300.,Cytoplasmic
1343,sll1315,2871735,3498837,3017674,2695717,2547298,CytoplasmicMembrane
1344,slr0506,2461413,2715743,3121198,2394113,3236900,Unknown
1345,sll1613,454107.,472840.,414552.,538040.,609601.,Unknown
1346,sll0497,414221.,322656.,512925.,310558.,295281.,Unknown
1347,slr1216,2839572,2664090,2873467,2595953,2772673,CytoplasmicMembrane
1348,slr1106,180570.,131367.,281695.,267977.,258216.,Unknown
1349,slr0879,3055497,1904364,2944942,3162237,2180950,Cytoplasmic
1350,slr0580,153611.,252360.,290671.,485613.,193125.,Cytoplasmic
1351,sll1198,348640.,336780.,336007.,310295.,284548.,Cytoplasmic
1352,slr1031,3132563,2282052,2342084,1944425,2332451,Cytoplasmic
1353,slr1615,190880.,186696.,265743.,180574.,196820.,Cytoplasmic
1354,slr1668,4238106,4100648,3409834,3596601,3668929,Unknown
1355,slr1211,160161.,173843.,179800.,183264.,205462.,Cytoplasmic
1356,slr1877,1781930,1438894,1931339,1788522,2163371,Cytoplasmic
1357,slr1743,781233.,562659.,718053.,596286.,464602.,CytoplasmicMembrane
1358,slr0280,374218.,353035.,348003.,322982.,387062.,CytoplasmicMembrane
1359,slr0854,457300.,311875.,309235.,416845.,318001.,CytoplasmicMembrane
1360,slr0833,325058.,389680.,455657.,342405.,319030.,Cytoplasmic
1361,slr1280,1240031,1047954,912494.,599390.,839050.,CytoplasmicMembrane
1362,sll0997,2812585,2043978,1950314,1857256,2203078,Periplasmic
1363,slr0537,1338997,1147113,683780.,721127.,1016590,Unknown
1364,slr0482,163919.,139820.,144736.,117163.,165503.,Unknown
1365,slr1125,221022.,204384.,262289.,205628.,243733.,Unknown
1366,sll0185,3039490,2583093,4187130,3071392,3637387,Unknown
1367,sll1891,770585.,348700.,560033.,499525.,387029.,Unknown
1368,ssl0438,294787.,154226.,134164.,426739.,191102.,Unknown
1369,slr0245,247996.,191495.,133131.,196831.,99811.8,Cytoplasmic
1370,slr2105,413760.,374276.,364040.,368652.,322252.,CytoplasmicMembrane
1371,sll0931,219871.,253146.,177730.,320173.,251878.,Unknown
1372,slr2102,265625.,252094.,195421.,284549.,231015.,Unknown
1373,slr0806,631088.,454534.,629856.,682813.,484784.,Cytoplasmic
1374,sll0828,597541.,561828.,614709.,744548.,725929.,Cytoplasmic
1375,sll1329,263715.,379116.,288778.,255615.,346129.,CytoplasmicMembrane
1376,ssl1690,9978741,1141351,7747875,9898963,8476493,Unknown
1377,slr1207,903394.,1018013,811923.,723240.,702527.,Unknown
1378,slr0484,372254.,371002.,391265.,286602.,344107.,CytoplasmicMembrane
1379,slr1331,1957694,2004207,1803071,2138271,2014561,Unknown
1380,sll0228,1481697,1178400,1420141,1466182,1379325,Cytoplasmic
1381,slr2013,158076.,113832.,122538.,110467.,127029.,CytoplasmicMembrane
1382,slr1426,202044.,204221.,233584.,183742.,236613.,Cytoplasmic
1383,sll1558,926154.,973717.,1053806,925751.,1030965,Cytoplasmic
1384,slr1281,678115.,1057129,899479.,994507.,988805.,Cytoplasmic
1385,sll0412,354223.,184070.,210091.,299477.,280553.,CytoplasmicMembrane
1386,sll1621,1154400,1009213,7754390,9375883,7091033,Unknown
1387,slr1799,133235.,134583.,164197.,167002.,168743.,Unknown
1388,slr0565,194161.,167000.,355230.,329405.,329967.,CytoplasmicMembrane
1389,slr0878,499869.,414383.,516356.,530350.,782996.,OuterMembrane
1390,sll0872,2136082,2126308,1967164,2150697,2086659,Unknown
1391,ssl0546,764036.,783370.,768280.,812393.,637953.,Cytoplasmic
1392,slr0749,220902.,207272.,218069.,150905.,242998.,Cytoplasmic
1393,slr1179,619666.,716258.,803453.,673578.,798004.,Cytoplasmic
1394,slr2100,771663.,850775.,872366.,825365.,887298.,Cytoplasmic
1395,slr1626,982177.,1212477,1238256,1697364,1434602,Cytoplasmic
